,0,1,2,3,4,5,6,7,8,9
0,"[array([[ 6.57286832, 45.26788188],
       [ 7.39820557, 46.16941569],
       [ 6.53267461, 46.64898938],
       [ 6.28825692, 45.69258263],
       [ 6.56072452, 46.25857862],
       [ 6.56432937, 46.23742434],
       [ 6.60392211, 45.22417978],
       [ 6.55548853, 45.29234068],
       [ 6.56344989, 45.25215553],
       [ 6.5908356 , 45.27182075],
       [ 6.63279142, 45.3146762 ],
       [ 6.60303513, 45.288469  ],
       [ 6.71950901, 45.31187719],
       [ 6.72336818, 45.3719111 ],
       [ 6.69829065, 45.27739121],
       [ 6.76246417, 45.28933123],
       [ 6.80006918, 45.27508549],
       [ 6.7476253 , 45.29318464],
       [ 6.76219907, 45.30766102],
       [ 6.75311185, 45.27488049],
       [ 7.61522415, 45.37296826],
       [ 7.95469769, 46.97183694],
       [ 7.20828932, 46.94718909],
       [ 7.98610984, 45.92364933],
       [ 7.97206925, 45.78614481],
       [ 7.87476477, 45.8464458 ],
       [ 7.85283688, 45.78546608],
       [ 7.81137792, 45.86547554],
       [ 7.90009542, 45.70394129],
       [ 7.92676096, 45.85138145],
       [ 6.60319466, 45.36139483],
       [ 7.77157372, 45.7491139 ],
       [ 8.        , 46.01909194],
       [ 7.95007725, 46.02285648],
       [ 7.97027564, 46.06527328],
       [ 7.96133493, 45.98624743],
       [ 7.90470652, 46.03734503],
       [ 7.88026802, 46.02962718],
       [ 7.8601422 , 46.02886167],
       [ 7.88668896, 46.0164609 ],
       [ 7.88586235, 46.02052265],
       [ 7.86311496, 46.10408003],
       [ 7.85670004, 46.12259058],
       [ 7.87945177, 46.09940901],
       [ 7.84937984, 46.09683817],
       [ 7.81294725, 46.1067325 ],
       [ 6.04163094, 45.00932859],
       [ 6.04882701, 46.94699297],
       [ 7.85668882, 46.10151029],
       [ 6.00515274, 46.3419344 ]]), array([[2877.],
       [1245.],
       [ 451.],
       [1486.],
       [1676.],
       [1491.],
       [2026.],
       [2208.],
       [2561.],
       [2788.],
       [2612.],
       [2821.],
       [2726.],
       [1631.],
       [2389.],
       [3153.],
       [1495.],
       [3068.],
       [2699.],
       [3021.],
       [ 534.],
       [1020.],
       [ 495.],
       [2121.],
       [2197.],
       [2643.],
       [2394.],
       [1903.],
       [1701.],
       [1623.],
       [2093.],
       [1736.],
       [2653.],
       [2772.],
       [2308.],
       [2171.],
       [3250.],
       [3744.],
       [3124.],
       [3732.],
       [3809.],
       [3925.],
       [3493.],
       [3205.],
       [3901.],
       [2671.],
       [1465.],
       [ 703.],
       [3934.],
       [1492.]])]","[array([[ 7.93616842, 45.26517116],
       [ 6.45189542, 45.78486757],
       [ 6.21432081, 45.42253375],
       [ 7.88529106, 45.34554641],
       [ 7.13632048, 45.71278038],
       [ 6.02017011, 45.10649091],
       [ 6.24928127, 45.5179349 ],
       [ 6.20275924, 45.39038076],
       [ 6.1742498 , 45.42939718],
       [ 6.23067472, 45.40567773],
       [ 6.22316844, 45.3689107 ],
       [ 6.23226752, 45.34700809],
       [ 6.24986288, 45.32436716],
       [ 6.2108461 , 45.36881262],
       [ 6.19600688, 45.35988872],
       [ 6.19171998, 45.35634466],
       [ 6.17167165, 45.3389078 ],
       [ 6.18939276, 45.35484195],
       [ 7.95983638, 46.98516197],
       [ 6.19056443, 45.35454891],
       [ 6.05253201, 46.83112532],
       [ 7.02794427, 46.71453924],
       [ 6.19926018, 45.34632985],
       [ 7.85239318, 46.17759454],
       [ 7.81551771, 46.1800824 ],
       [ 7.87544882, 46.17603906],
       [ 7.86872177, 46.1528044 ],
       [ 7.87775536, 46.13108914],
       [ 7.88909366, 46.10993318],
       [ 7.87170043, 46.11991347],
       [ 7.86084937, 46.1101329 ],
       [ 7.84542076, 46.09076444],
       [ 7.85564052, 46.10895555],
       [ 7.85795443, 46.10663465],
       [ 7.85792325, 46.10716259],
       [ 7.85859746, 46.00500143],
       [ 7.75758057, 45.98741242],
       [ 7.84374206, 45.88118491],
       [ 7.94764716, 45.90643667],
       [ 7.90474369, 45.78374675],
       [ 7.85836774, 46.10536547],
       [ 7.73127743, 45.85794784],
       [ 8.        , 46.00183898],
       [ 6.94936953, 45.01436804],
       [ 7.85825701, 46.10712889],
       [ 6.01955   , 46.23913155],
       [ 6.60171782, 46.35432852],
       [ 6.57407805, 47.        ],
       [ 7.85832555, 46.10789743],
       [ 7.85843594, 46.10836171]]), array([[ 228.],
       [1382.],
       [2263.],
       [ 267.],
       [1124.],
       [ 717.],
       [1082.],
       [2147.],
       [1299.],
       [1647.],
       [2091.],
       [2196.],
       [1430.],
       [2424.],
       [2227.],
       [2566.],
       [2167.],
       [2564.],
       [1044.],
       [2600.],
       [ 837.],
       [ 728.],
       [2381.],
       [2688.],
       [1358.],
       [2697.],
       [3052.],
       [3563.],
       [3289.],
       [3601.],
       [4139.],
       [3651.],
       [3804.],
       [3790.],
       [3780.],
       [3005.],
       [2682.],
       [2964.],
       [2791.],
       [1922.],
       [3819.],
       [1696.],
       [2662.],
       [1641.],
       [3792.],
       [ 439.],
       [ 885.],
       [1107.],
       [3783.],
       [3812.]])]","[array([[ 7.95822247, 46.99625053],
       [ 6.91024013, 45.44828758],
       [ 6.16098418, 46.05839637],
       [ 6.76820412, 45.11198966],
       [ 7.26145307, 46.81662908],
       [ 7.19426426, 45.08340401],
       [ 6.67439268, 45.29130002],
       [ 6.31018766, 45.        ],
       [ 6.        , 45.        ],
       [ 6.40918328, 45.        ],
       [ 6.34456292, 45.        ],
       [ 6.33245204, 45.        ],
       [ 6.33355811, 45.        ],
       [ 6.32335602, 45.        ],
       [ 6.31265693, 45.        ],
       [ 6.31004533, 45.        ],
       [ 8.        , 45.61687817],
       [ 6.31950672, 45.        ],
       [ 6.31072513, 45.        ],
       [ 6.3704927 , 45.        ],
       [ 6.32632709, 45.01693846],
       [ 6.44739325, 45.00004129],
       [ 6.29520687, 45.03522093],
       [ 6.35047745, 45.02601446],
       [ 6.61374039, 45.34718364],
       [ 6.73921154, 45.26299935],
       [ 6.70767004, 45.22725589],
       [ 6.76212092, 45.29822187],
       [ 6.78074451, 45.27588362],
       [ 6.73771077, 45.30716804],
       [ 6.74679952, 45.32055436],
       [ 6.72859952, 45.32251011],
       [ 6.76701987, 45.32888046],
       [ 6.75547668, 45.34609007],
       [ 6.78445668, 45.3490617 ],
       [ 6.73142553, 45.37207073],
       [ 6.72512168, 45.29333485],
       [ 6.06720024, 46.72823267],
       [ 7.94622215, 46.51733888],
       [ 7.97753617, 46.4997316 ],
       [ 7.98223695, 46.52402203],
       [ 7.99758305, 46.51682576],
       [ 7.99342818, 46.53932168],
       [ 7.96789959, 46.5403542 ],
       [ 7.96167035, 46.55474935],
       [ 8.        , 46.48419544],
       [ 7.9685045 , 46.53325909],
       [ 7.95527532, 46.45895549],
       [ 7.96614493, 46.43204725],
       [ 7.92999762, 46.46798152]]), array([[1088.],
       [2249.],
       [ 723.],
       [2329.],
       [ 737.],
       [1670.],
       [2462.],
       [3143.],
       [2391.],
       [2811.],
       [3179.],
       [3399.],
       [3347.],
       [3467.],
       [3175.],
       [3141.],
       [1019.],
       [3381.],
       [3149.],
       [2485.],
       [3205.],
       [2192.],
       [1847.],
       [2119.],
       [2054.],
       [2606.],
       [1834.],
       [2950.],
       [2097.],
       [3414.],
       [3389.],
       [2997.],
       [3309.],
       [3147.],
       [2536.],
       [1801.],
       [3102.],
       [ 949.],
       [2892.],
       [3203.],
       [3507.],
       [3380.],
       [3209.],
       [3845.],
       [2676.],
       [2907.],
       [3821.],
       [3340.],
       [2570.],
       [2849.]])]","[array([[ 6.16362362, 45.80313578],
       [ 7.31121151, 45.37562834],
       [ 7.75126513, 46.02896087],
       [ 7.06507787, 45.05643896],
       [ 7.01202181, 46.46057821],
       [ 7.06554875, 45.04341683],
       [ 7.06759853, 45.05945846],
       [ 7.06493325, 45.06804467],
       [ 7.06189933, 45.08352078],
       [ 7.0573932 , 45.0668829 ],
       [ 7.07132532, 45.07072642],
       [ 7.44446824, 46.15139658],
       [ 7.84098946, 45.80335494],
       [ 7.83980062, 45.79058197],
       [ 7.85346872, 45.7973899 ],
       [ 7.85910839, 45.81249257],
       [ 7.86663566, 45.82137737],
       [ 7.8800346 , 45.81709238],
       [ 7.86052256, 45.83485984],
       [ 7.89935227, 45.85019953],
       [ 7.89466351, 45.77982886],
       [ 7.86600202, 45.81859078],
       [ 7.79490562, 45.74302665],
       [ 6.62806743, 46.86010924],
       [ 7.80339193, 45.85073079],
       [ 7.72788988, 45.85345133],
       [ 6.41921583, 45.22907191],
       [ 7.7640012 , 45.11751345],
       [ 7.82309239, 45.57571201],
       [ 7.67683796, 46.97272767],
       [ 7.81785349, 45.91158246],
       [ 7.8180747 , 45.92512368],
       [ 7.81979808, 45.93682725],
       [ 7.81077588, 45.92250377],
       [ 7.81437925, 45.92238321],
       [ 7.81232117, 45.92235122],
       [ 7.79510223, 45.9223658 ],
       [ 7.85304558, 45.91783091],
       [ 7.8704898 , 45.92399291],
       [ 7.87282254, 45.91192935],
       [ 7.86445361, 45.93380127],
       [ 7.86290538, 45.92676033],
       [ 7.88772739, 45.94181591],
       [ 7.76378633, 45.92734827],
       [ 6.04385037, 46.51801802],
       [ 6.79481512, 45.83313172],
       [ 7.78477419, 45.90996609],
       [ 6.84667996, 45.74186669],
       [ 6.7512611 , 45.92580697],
       [ 6.89601393, 45.84163914]]), array([[ 828.],
       [1360.],
       [1664.],
       [2217.],
       [1056.],
       [1564.],
       [2341.],
       [2656.],
       [1901.],
       [2270.],
       [2318.],
       [1348.],
       [2420.],
       [2361.],
       [2500.],
       [2927.],
       [3067.],
       [2778.],
       [2671.],
       [2005.],
       [2025.],
       [2981.],
       [2044.],
       [1189.],
       [2176.],
       [1803.],
       [1279.],
       [ 199.],
       [ 578.],
       [ 765.],
       [3696.],
       [4166.],
       [3284.],
       [4104.],
       [4005.],
       [4078.],
       [4079.],
       [4099.],
       [4245.],
       [3518.],
       [4141.],
       [4046.],
       [3092.],
       [3561.],
       [1158.],
       [2660.],
       [3580.],
       [2484.],
       [ 857.],
       [3573.]])]","[array([[ 6.86339781, 46.43344949],
       [ 7.98601851, 46.80605438],
       [ 7.01125876, 46.61863935],
       [ 6.43454181, 45.54011353],
       [ 6.20238161, 46.25073461],
       [ 6.45710724, 45.38211096],
       [ 6.47675597, 45.19126932],
       [ 6.46090068, 45.39183908],
       [ 6.34504509, 45.36470355],
       [ 6.49881644, 45.3522821 ],
       [ 6.59712901, 45.45769279],
       [ 6.47205871, 45.362479  ],
       [ 6.48628001, 45.40812777],
       [ 6.44259092, 45.39421134],
       [ 6.50538094, 45.33464402],
       [ 6.52319328, 45.33852435],
       [ 6.49238723, 45.33006373],
       [ 6.5003599 , 45.31292404],
       [ 6.4989641 , 45.2939017 ],
       [ 6.51235025, 45.29763899],
       [ 6.52694396, 45.27305086],
       [ 6.57659396, 45.25783999],
       [ 6.57949874, 45.22546135],
       [ 6.60603826, 45.27333516],
       [ 6.65996404, 45.27632728],
       [ 6.62122678, 45.27986545],
       [ 6.62338191, 45.29577298],
       [ 6.6230312 , 45.27958376],
       [ 6.62456284, 45.27539421],
       [ 6.6261531 , 45.27073909],
       [ 7.97443498, 45.01609707],
       [ 7.73877707, 45.96695273],
       [ 7.83965706, 45.92009511],
       [ 7.87627002, 45.90309034],
       [ 7.82024797, 45.92906207],
       [ 7.80505535, 45.89803926],
       [ 7.83694696, 45.95947964],
       [ 7.63639851, 46.08740105],
       [ 7.82881452, 45.92747154],
       [ 7.80181089, 45.94346578],
       [ 7.66612463, 45.95045256],
       [ 7.82539649, 45.92107972],
       [ 7.58052946, 45.87391759],
       [ 7.51657352, 45.95724291],
       [ 7.83380649, 45.92728316],
       [ 7.45841571, 45.89493395],
       [ 7.48479726, 46.03323793],
       [ 7.61209973, 45.75001473],
       [ 7.58034609, 45.9557861 ],
       [ 6.34844132, 46.99234538]]), array([[ 370.],
       [1357.],
       [ 797.],
       [1554.],
       [ 400.],
       [2068.],
       [1421.],
       [2047.],
       [ 989.],
       [2043.],
       [1258.],
       [1825.],
       [1169.],
       [1694.],
       [2215.],
       [1672.],
       [2246.],
       [2538.],
       [2550.],
       [2667.],
       [2480.],
       [2598.],
       [2135.],
       [2803.],
       [2641.],
       [3485.],
       [2835.],
       [3421.],
       [3319.],
       [3195.],
       [ 218.],
       [2661.],
       [4104.],
       [3169.],
       [4221.],
       [2989.],
       [3263.],
       [2031.],
       [4210.],
       [3075.],
       [2749.],
       [4026.],
       [2709.],
       [3100.],
       [4052.],
       [2173.],
       [1919.],
       [ 557.],
       [3058.],
       [ 859.]])]","[array([[ 6.31745752, 46.69501293],
       [ 7.75994612, 45.14508881],
       [ 6.68129874, 46.98863464],
       [ 6.70202864, 45.33998627],
       [ 7.80335042, 45.32102574],
       [ 6.38318241, 45.38153384],
       [ 6.12765075, 45.        ],
       [ 6.39965993, 45.64593129],
       [ 6.44345484, 45.2478719 ],
       [ 6.49552796, 45.30924786],
       [ 6.55920643, 45.30069396],
       [ 6.59177766, 45.29685991],
       [ 6.6521431 , 45.28964412],
       [ 6.70505125, 45.2708311 ],
       [ 6.73497047, 45.24524194],
       [ 6.71984653, 45.25867983],
       [ 6.54802424, 45.39545419],
       [ 6.72389529, 45.16591431],
       [ 6.75502858, 45.        ],
       [ 6.74673411, 45.        ],
       [ 6.75080392, 45.        ],
       [ 6.75362854, 45.        ],
       [ 6.70459437, 45.01215656],
       [ 6.77433965, 45.        ],
       [ 6.73960305, 45.058967  ],
       [ 6.71397653, 45.08121234],
       [ 6.71570969, 45.13271133],
       [ 6.72224294, 45.13691016],
       [ 6.73777491, 45.14670871],
       [ 6.62198213, 45.25487548],
       [ 6.64715214, 45.21689545],
       [ 6.61620501, 45.27214187],
       [ 6.45932953, 45.36066823],
       [ 6.31179908, 45.40977173],
       [ 6.81866624, 45.23098423],
       [ 6.82573891, 45.30356927],
       [ 6.60309154, 45.26600917],
       [ 6.61520615, 45.27419506],
       [ 6.88379166, 45.18450154],
       [ 6.9333044 , 45.21873788],
       [ 6.90997556, 45.12959111],
       [ 6.9692139 , 45.13252444],
       [ 6.86585067, 45.1333328 ],
       [ 6.87047935, 45.09965748],
       [ 6.80113419, 45.17454597],
       [ 7.82028682, 46.39506818],
       [ 6.83439739, 45.15239469],
       [ 7.79335585, 46.45936808],
       [ 7.83957291, 46.46553694],
       [ 7.81389264, 46.50615323]]), array([[1150.],
       [ 215.],
       [1194.],
       [1997.],
       [ 276.],
       [2230.],
       [1648.],
       [1133.],
       [1088.],
       [2419.],
       [1941.],
       [2502.],
       [2550.],
       [2338.],
       [2116.],
       [2056.],
       [1761.],
       [2696.],
       [2347.],
       [2545.],
       [2539.],
       [2402.],
       [2064.],
       [1919.],
       [1307.],
       [1367.],
       [2520.],
       [2883.],
       [2643.],
       [2864.],
       [1808.],
       [3139.],
       [1690.],
       [1808.],
       [2279.],
       [1790.],
       [3033.],
       [3226.],
       [2514.],
       [2176.],
       [2596.],
       [1452.],
       [3014.],
       [2546.],
       [2917.],
       [2637.],
       [2784.],
       [2979.],
       [3015.],
       [2563.]])]","[array([[ 7.30550472, 46.46192967],
       [ 7.09371698, 46.05965654],
       [ 6.75544325, 45.92312067],
       [ 7.86389571, 46.03206261],
       [ 7.14414108, 45.90337651],
       [ 7.87392448, 46.03003725],
       [ 7.89511093, 46.02575856],
       [ 8.        , 45.78948885],
       [ 7.93004198, 46.07275241],
       [ 7.91199618, 45.98511827],
       [ 7.7875977 , 46.12104463],
       [ 7.18030123, 45.80353748],
       [ 7.89407258, 46.04526517],
       [ 7.89016929, 46.05953178],
       [ 7.90226842, 46.03887336],
       [ 6.00636312, 46.92914912],
       [ 7.89236935, 46.03906825],
       [ 6.08902746, 45.01239417],
       [ 7.6749158 , 45.01062954],
       [ 7.89222598, 46.03910649],
       [ 7.98242035, 47.        ],
       [ 6.84157247, 45.02115248],
       [ 7.30761796, 45.96021024],
       [ 7.4055163 , 45.94454591],
       [ 7.36360806, 46.04941419],
       [ 7.359217  , 45.85183759],
       [ 7.51216857, 45.98804573],
       [ 6.        , 46.03822123],
       [ 6.7911742 , 47.        ],
       [ 7.24790757, 46.0011691 ],
       [ 6.48904616, 46.48132671],
       [ 6.34943505, 45.4761468 ],
       [ 7.89321263, 46.03960084],
       [ 7.89269313, 46.03950768],
       [ 7.39539336, 47.        ],
       [ 7.21553612, 45.34641768],
       [ 8.        , 45.38692513],
       [ 8.        , 46.53052879],
       [ 7.29183484, 45.97114224],
       [ 7.85841064, 46.58891806],
       [ 8.        , 46.39331889],
       [ 6.        , 45.46994548],
       [ 7.89272524, 46.03973877],
       [ 6.76221193, 45.46770833],
       [ 8.        , 46.65708652],
       [ 6.441513  , 45.        ],
       [ 7.89224775, 46.03954259],
       [ 7.89578718, 46.05015244],
       [ 7.88425493, 46.02333121],
       [ 7.88425194, 46.04828542]]), array([[1182.],
       [1924.],
       [1085.],
       [3266.],
       [2797.],
       [3578.],
       [3543.],
       [1798.],
       [3220.],
       [2872.],
       [1277.],
       [2242.],
       [3948.],
       [3303.],
       [3257.],
       [ 681.],
       [3471.],
       [1759.],
       [ 218.],
       [3479.],
       [1182.],
       [1254.],
       [3280.],
       [3160.],
       [2878.],
       [2160.],
       [2591.],
       [ 581.],
       [1288.],
       [2821.],
       [ 370.],
       [1690.],
       [3469.],
       [3473.],
       [ 639.],
       [1507.],
       [ 342.],
       [3043.],
       [3066.],
       [1999.],
       [1892.],
       [ 266.],
       [3482.],
       [2304.],
       [2023.],
       [2238.],
       [3503.],
       [3644.],
       [4065.],
       [3833.]])]","[array([[ 7.88202516, 46.36005881],
       [ 7.53626675, 45.39239683],
       [ 6.59489844, 46.29515044],
       [ 7.00273824, 45.65365173],
       [ 7.82856296, 45.33991294],
       [ 7.04267032, 45.55811475],
       [ 7.10996463, 45.79646666],
       [ 6.80295826, 45.67142523],
       [ 7.08012263, 45.67266211],
       [ 7.02099894, 45.63607808],
       [ 7.01363129, 45.60892281],
       [ 7.00788363, 45.57599793],
       [ 7.01812961, 45.63258624],
       [ 6.99555789, 45.53787795],
       [ 6.96640926, 45.55506555],
       [ 7.01563317, 45.51383447],
       [ 6.97590881, 45.49732537],
       [ 6.99904597, 45.44220121],
       [ 7.12512285, 45.85751942],
       [ 7.1660153 , 45.8292545 ],
       [ 7.08090943, 45.8511863 ],
       [ 7.1286295 , 45.90338173],
       [ 6.91758122, 45.4824232 ],
       [ 7.00896229, 45.63329922],
       [ 7.22495659, 46.9505217 ],
       [ 6.01135634, 45.61351703],
       [ 6.06695673, 46.92394124],
       [ 6.36132973, 45.00466228],
       [ 6.41069796, 45.03882535],
       [ 6.30620852, 45.        ],
       [ 6.31087087, 45.04085412],
       [ 6.26565482, 45.        ],
       [ 6.23482353, 45.        ],
       [ 6.19849311, 45.        ],
       [ 6.22556062, 45.02810634],
       [ 6.14366084, 45.        ],
       [ 7.92662315, 46.95376351],
       [ 6.01457086, 46.22888111],
       [ 6.6497262 , 46.87201638],
       [ 7.31424802, 46.39924046],
       [ 7.00318309, 45.59273323],
       [ 6.64989765, 45.        ],
       [ 6.        , 45.        ],
       [ 7.01712747, 45.62808416],
       [ 7.01990355, 45.63139354],
       [ 7.02312798, 45.63476298],
       [ 7.02674567, 45.63760382],
       [ 7.03021713, 45.63949927],
       [ 7.03305931, 45.64051334],
       [ 7.05565662, 45.51151293]]), array([[1826.],
       [1381.],
       [1317.],
       [2834.],
       [ 350.],
       [2622.],
       [2610.],
       [1805.],
       [1551.],
       [3344.],
       [2776.],
       [2837.],
       [3401.],
       [3138.],
       [2325.],
       [2862.],
       [2801.],
       [2034.],
       [2820.],
       [2052.],
       [2362.],
       [2308.],
       [2143.],
       [3268.],
       [ 508.],
       [ 970.],
       [ 772.],
       [2751.],
       [2004.],
       [3093.],
       [1542.],
       [3369.],
       [3468.],
       [3108.],
       [1691.],
       [2254.],
       [1055.],
       [ 428.],
       [1285.],
       [1675.],
       [2221.],
       [1935.],
       [2391.],
       [3203.],
       [3271.],
       [3207.],
       [3084.],
       [2970.],
       [2885.],
       [2847.]])]","[array([[ 6.29369787, 45.30426322],
       [ 6.0365958 , 45.63145544],
       [ 6.16285239, 45.1629674 ],
       [ 6.15197128, 46.3057845 ],
       [ 7.72329877, 45.93354659],
       [ 8.        , 45.77761125],
       [ 7.69385458, 45.94999576],
       [ 7.75484173, 45.91596806],
       [ 7.74676396, 45.98987167],
       [ 7.6987356 , 45.89177441],
       [ 7.73232508, 45.94498616],
       [ 6.10044119, 45.09538155],
       [ 6.12810138, 45.23940253],
       [ 7.72424481, 45.93443789],
       [ 6.22621372, 45.1547309 ],
       [ 7.67346511, 46.02677501],
       [ 7.70256883, 46.06250562],
       [ 7.67307739, 46.07721538],
       [ 7.71990836, 46.09554589],
       [ 7.7440482 , 46.08411692],
       [ 7.70448858, 46.10446003],
       [ 7.71175275, 46.08574572],
       [ 7.5207584 , 46.48502455],
       [ 7.36624576, 45.89258633],
       [ 7.72568977, 46.11076268],
       [ 7.39043633, 45.94569018],
       [ 7.27299581, 45.        ],
       [ 7.65701223, 46.06847418],
       [ 7.70802822, 46.03462828],
       [ 7.62776215, 46.01013062],
       [ 7.675406  , 46.07397345],
       [ 7.58231378, 46.01549918],
       [ 7.70499504, 46.09464551],
       [ 8.        , 46.34869911],
       [ 7.6486808 , 46.06322254],
       [ 7.60940029, 45.96813416],
       [ 7.59045069, 45.95705875],
       [ 7.29238953, 45.89673121],
       [ 7.6272526 , 45.96646653],
       [ 7.61839164, 46.01748421],
       [ 7.62371731, 46.0177594 ],
       [ 7.60279194, 45.97859325],
       [ 7.63296064, 46.02303217],
       [ 7.62788301, 46.02373795],
       [ 7.62779079, 46.02394703],
       [ 7.62780226, 46.02413795],
       [ 7.62784189, 46.02432396],
       [ 7.60883035, 45.95879691],
       [ 7.68172701, 46.0546391 ],
       [ 7.55876541, 45.94601205]]), array([[2067.],
       [1773.],
       [2809.],
       [ 431.],
       [3618.],
       [1431.],
       [3035.],
       [3026.],
       [2563.],
       [2502.],
       [3170.],
       [2209.],
       [2469.],
       [3604.],
       [2098.],
       [3091.],
       [3435.],
       [3199.],
       [3754.],
       [2783.],
       [3420.],
       [3372.],
       [1542.],
       [2973.],
       [3552.],
       [2813.],
       [1607.],
       [3041.],
       [2603.],
       [3220.],
       [3345.],
       [3045.],
       [3407.],
       [1449.],
       [2822.],
       [3934.],
       [3346.],
       [2343.],
       [3104.],
       [3077.],
       [3106.],
       [3107.],
       [3578.],
       [3299.],
       [3295.],
       [3295.],
       [3291.],
       [3328.],
       [3585.],
       [2267.]])]","[array([[ 7.4901464 , 46.70454492],
       [ 6.8082146 , 46.55899308],
       [ 6.01214834, 46.80633602],
       [ 6.03760177, 46.13735408],
       [ 7.25625717, 45.08777095],
       [ 7.49014734, 46.70454465],
       [ 7.54487952, 46.77144355],
       [ 7.48664524, 46.69313286],
       [ 7.49155403, 46.70949648],
       [ 7.48382027, 46.70806158],
       [ 7.52297566, 46.69728674],
       [ 7.50077231, 46.70354041],
       [ 7.51897132, 46.71677797],
       [ 7.52457607, 46.6792331 ],
       [ 7.54081116, 46.68513627],
       [ 7.53295051, 46.66001678],
       [ 7.55788203, 46.70254306],
       [ 6.31634708, 46.16685629],
       [ 7.21138955, 45.98845045],
       [ 7.20499751, 45.99550406],
       [ 7.19689561, 45.9905064 ],
       [ 7.21071671, 46.00178972],
       [ 7.20190399, 46.00528288],
       [ 7.22785913, 45.99968284],
       [ 7.23713035, 46.00214902],
       [ 7.24637596, 46.00202227],
       [ 7.23835035, 46.01069679],
       [ 7.24033395, 45.99239539],
       [ 7.24788606, 45.97910894],
       [ 7.24364744, 46.0435618 ],
       [ 7.27648674, 45.9661582 ],
       [ 7.27821059, 45.95416991],
       [ 7.28904287, 45.96221755],
       [ 7.26830528, 45.9587024 ],
       [ 7.26191923, 45.93983835],
       [ 7.29997432, 45.93077197],
       [ 7.31535686, 45.93125952],
       [ 7.30205595, 45.91467805],
       [ 7.30315568, 45.94107862],
       [ 7.31054341, 45.94882963],
       [ 7.28735799, 45.87660199],
       [ 7.35017483, 45.96687017],
       [ 7.34475942, 45.88836696],
       [ 7.41021247, 45.84852971],
       [ 6.49632904, 45.33520898],
       [ 6.57800407, 45.27555664],
       [ 6.61279523, 45.30463018],
       [ 6.62437658, 45.27548246],
       [ 6.64409958, 45.29475411],
       [ 6.61379696, 45.24893289]]), array([[1945.],
       [ 630.],
       [ 832.],
       [ 463.],
       [1014.],
       [1945.],
       [ 629.],
       [1278.],
       [1870.],
       [1709.],
       [1631.],
       [1803.],
       [1113.],
       [1732.],
       [1583.],
       [ 732.],
       [1066.],
       [ 490.],
       [2062.],
       [2264.],
       [1815.],
       [2228.],
       [1981.],
       [2633.],
       [3045.],
       [2826.],
       [2865.],
       [3108.],
       [2766.],
       [1680.],
       [3322.],
       [3289.],
       [3097.],
       [3373.],
       [2834.],
       [3566.],
       [3322.],
       [3157.],
       [3967.],
       [3753.],
       [1974.],
       [2081.],
       [2315.],
       [2058.],
       [2149.],
       [2613.],
       [3100.],
       [3319.],
       [2532.],
       [3080.]])]"
1,"[array([[41.6891429 , 41.96493937],
       [41.3529743 , 42.42387994],
       [41.58433079, 41.7891664 ],
       [41.6664903 , 42.41866806],
       [41.5170369 , 41.22916908],
       [41.50379901, 41.02702199],
       [41.10977502, 41.        ],
       [41.64773743, 41.        ],
       [42.0424057 , 41.        ],
       [43.        , 41.        ],
       [43.        , 41.36234115],
       [43.        , 41.69968003],
       [43.        , 41.2456255 ],
       [43.        , 41.        ],
       [42.92517869, 41.42228611],
       [43.        , 41.42026556],
       [42.76017786, 41.        ],
       [42.5581535 , 41.33683034],
       [42.43239825, 41.4617846 ],
       [42.51295292, 41.19267637],
       [42.6815298 , 41.30360309],
       [43.        , 43.        ],
       [42.78372726, 43.        ],
       [43.        , 42.78880358],
       [42.17447923, 43.        ],
       [42.49652415, 42.19809564],
       [41.        , 43.        ],
       [41.        , 41.61525837],
       [42.31423751, 41.23999986],
       [42.63183043, 41.48032019],
       [42.5771855 , 41.2628193 ],
       [42.51422926, 41.        ],
       [41.68404088, 43.        ],
       [41.51099223, 43.        ],
       [41.82892163, 43.        ],
       [41.78086565, 42.86513426],
       [43.        , 42.20746421],
       [41.        , 42.16720267],
       [42.58993936, 41.07271722],
       [42.4033604 , 41.        ],
       [42.18298825, 41.74405398],
       [42.51825477, 42.7432089 ],
       [42.51708234, 42.9941942 ],
       [42.32328144, 42.62769216],
       [42.67648337, 42.64711146],
       [41.91673538, 41.42897018],
       [42.94583705, 41.35387723],
       [42.50797304, 41.29732111],
       [42.92905161, 41.22223901],
       [42.91501134, 41.22326959]]), array([[-0.000e+00],
       [-0.000e+00],
       [-0.000e+00],
       [ 6.000e+00],
       [ 1.191e+03],
       [ 2.118e+03],
       [ 1.362e+03],
       [ 2.028e+03],
       [ 1.626e+03],
       [ 2.411e+03],
       [ 2.757e+03],
       [ 1.247e+03],
       [ 2.070e+03],
       [ 2.411e+03],
       [ 2.513e+03],
       [ 2.632e+03],
       [ 2.088e+03],
       [ 2.684e+03],
       [ 1.966e+03],
       [ 2.440e+03],
       [ 2.392e+03],
       [ 2.644e+03],
       [ 1.938e+03],
       [ 1.237e+03],
       [ 1.071e+03],
       [ 5.400e+01],
       [ 2.000e+00],
       [-0.000e+00],
       [ 1.051e+03],
       [ 1.894e+03],
       [ 2.578e+03],
       [ 2.571e+03],
       [ 2.443e+03],
       [ 1.245e+03],
       [ 2.521e+03],
       [ 5.800e+02],
       [ 2.030e+02],
       [-0.000e+00],
       [ 1.814e+03],
       [ 2.156e+03],
       [ 1.645e+03],
       [ 2.172e+03],
       [ 1.789e+03],
       [ 1.426e+03],
       [ 1.072e+03],
       [ 1.279e+03],
       [ 2.567e+03],
       [ 1.761e+03],
       [ 1.865e+03],
       [ 1.849e+03]])]","[array([[41.43074143, 41.55948629],
       [41.36145726, 42.90216671],
       [41.55218372, 41.86124488],
       [41.12416331, 41.27416066],
       [41.66588647, 41.51215058],
       [41.66288688, 41.51321501],
       [41.6728407 , 41.50968289],
       [41.66479776, 41.50727824],
       [41.64868583, 41.52809937],
       [41.66693779, 41.51771516],
       [41.66288081, 41.51231025],
       [42.34041658, 42.97018799],
       [42.34389299, 42.97578173],
       [42.33333328, 42.97162995],
       [42.33869146, 42.95519881],
       [42.32084076, 42.94360902],
       [42.52313811, 42.74704796],
       [42.80090078, 42.43631899],
       [42.41833888, 42.74881974],
       [42.34502741, 42.6552526 ],
       [42.46302162, 42.82350155],
       [42.46760943, 42.70893913],
       [42.43097446, 42.76509801],
       [42.39988637, 42.74262588],
       [42.52369318, 42.77109779],
       [42.53891679, 42.73033845],
       [42.42505489, 42.73730013],
       [42.37270074, 42.9243916 ],
       [42.38965925, 42.91289651],
       [42.36274294, 42.90797559],
       [42.3667512 , 42.92107346],
       [42.43565578, 42.95185033],
       [42.36209614, 42.92431327],
       [42.4940451 , 42.96063434],
       [42.4664638 , 42.91069111],
       [42.49021052, 42.90426943],
       [42.52339039, 41.12763648],
       [42.45033966, 42.90905404],
       [42.48861216, 41.01524618],
       [42.43750548, 41.04113898],
       [42.54632298, 41.01081686],
       [42.52570295, 41.05240866],
       [42.60724484, 41.        ],
       [42.46946729, 42.92299198],
       [42.52327668, 41.26104388],
       [42.47407738, 42.93674942],
       [42.60159264, 41.26317635],
       [42.47073981, 42.93395956],
       [42.5867522 , 41.32409206],
       [42.65678651, 41.29953683]]), array([[  -0.],
       [ 185.],
       [  -0.],
       [  -0.],
       [1299.],
       [1165.],
       [ 948.],
       [1078.],
       [ 571.],
       [1078.],
       [1206.],
       [1961.],
       [1712.],
       [1876.],
       [2122.],
       [1843.],
       [2448.],
       [ 476.],
       [2587.],
       [1513.],
       [1525.],
       [1364.],
       [2071.],
       [2130.],
       [1824.],
       [2127.],
       [2479.],
       [2914.],
       [2630.],
       [2821.],
       [3197.],
       [2453.],
       [2998.],
       [2210.],
       [3128.],
       [2604.],
       [1887.],
       [2673.],
       [2488.],
       [1991.],
       [2560.],
       [1957.],
       [2135.],
       [3241.],
       [2312.],
       [3496.],
       [2668.],
       [3161.],
       [2537.],
       [2393.]])]","[array([[42.0333168 , 42.06686064],
       [42.874876  , 42.10158502],
       [42.30596281, 42.32704628],
       [41.9019937 , 41.16734209],
       [42.85759582, 41.22418994],
       [42.95314783, 41.        ],
       [42.73706039, 41.        ],
       [41.        , 43.        ],
       [42.59518166, 41.        ],
       [42.67864914, 41.        ],
       [42.74008126, 41.        ],
       [42.71933077, 41.        ],
       [42.7177851 , 41.        ],
       [42.70111404, 41.        ],
       [42.68017512, 41.        ],
       [42.40251208, 41.        ],
       [41.        , 41.        ],
       [42.50121677, 41.16180276],
       [41.        , 41.88871637],
       [43.        , 43.        ],
       [42.77800904, 43.        ],
       [43.        , 42.82559523],
       [41.91993028, 43.        ],
       [42.22127622, 43.        ],
       [41.68099245, 42.77465449],
       [42.44164417, 41.45650849],
       [43.        , 41.57611008],
       [42.30563694, 41.27180289],
       [42.64070606, 41.40960352],
       [41.47538484, 41.        ],
       [41.42407754, 41.27062801],
       [42.51620492, 41.70275307],
       [43.        , 42.95918344],
       [43.        , 42.56595573],
       [41.64313357, 41.        ],
       [41.        , 42.43001483],
       [42.25648831, 41.67901823],
       [41.5937103 , 41.81124233],
       [42.62307512, 41.17478919],
       [42.05866379, 42.80884169],
       [42.74699065, 41.67224151],
       [42.57270874, 42.74459044],
       [42.50679556, 43.        ],
       [42.44508687, 42.8512545 ],
       [41.30299981, 41.        ],
       [41.25933864, 41.        ],
       [41.34959234, 41.        ],
       [43.        , 43.        ],
       [43.        , 43.        ]]), array([[ 1.210e+02],
       [ 1.890e+02],
       [ 9.000e+01],
       [ 8.560e+02],
       [ 1.853e+03],
       [ 2.101e+03],
       [ 2.152e+03],
       [ 2.000e+00],
       [ 2.241e+03],
       [ 2.083e+03],
       [ 2.135e+03],
       [ 2.085e+03],
       [ 2.083e+03],
       [ 2.082e+03],
       [ 2.083e+03],
       [ 2.167e+03],
       [ 1.057e+03],
       [ 2.371e+03],
       [-0.000e+00],
       [ 2.644e+03],
       [ 1.844e+03],
       [ 2.194e+03],
       [ 2.135e+03],
       [ 1.572e+03],
       [ 9.300e+01],
       [ 1.968e+03],
       [ 1.548e+03],
       [ 1.108e+03],
       [ 1.932e+03],
       [ 2.281e+03],
       [ 7.980e+02],
       [ 1.921e+03],
       [ 2.459e+03],
       [ 5.800e+02],
       [ 2.019e+03],
       [-0.000e+00],
       [ 1.461e+03],
       [-0.000e+00],
       [ 2.140e+03],
       [ 1.200e+03],
       [ 1.189e+03],
       [ 2.050e+03],
       [ 2.259e+03],
       [ 1.648e+03],
       [ 2.936e+03],
       [ 2.328e+03],
       [ 2.190e+03],
       [ 2.644e+03],
       [ 2.644e+03]])]","[array([[42.37202329, 42.19108394],
       [42.821315  , 42.98516472],
       [41.93160598, 41.20503687],
       [41.48440825, 42.06845789],
       [42.18782748, 42.41461508],
       [43.        , 43.        ],
       [42.41034115, 41.        ],
       [41.39012566, 41.        ],
       [41.86307973, 41.        ],
       [42.17455977, 41.33547151],
       [43.        , 43.        ],
       [43.        , 42.83857978],
       [41.71521514, 41.36001852],
       [42.94287891, 42.94035838],
       [43.        , 42.73283228],
       [42.67458584, 43.        ],
       [42.88768958, 42.72475583],
       [41.22836214, 41.        ],
       [41.24412257, 41.11381961],
       [41.09752769, 41.        ],
       [43.        , 42.58987263],
       [41.28694395, 41.        ],
       [42.60479072, 41.        ],
       [42.53406338, 41.16533958],
       [42.76248099, 41.13796983],
       [42.66679829, 41.39543849],
       [42.82895646, 41.44176215],
       [42.72441611, 41.56336794],
       [42.79828746, 41.32438052],
       [42.9983069 , 41.46108608],
       [43.        , 41.61223318],
       [43.        , 41.34889105],
       [42.94446595, 41.38591935],
       [41.        , 43.        ],
       [43.        , 41.16641234],
       [41.77875538, 43.        ],
       [41.60835311, 42.74910853],
       [42.03636108, 43.        ],
       [41.        , 41.65383456],
       [41.        , 42.37567204],
       [42.1712031 , 41.019004  ],
       [42.47987278, 41.4547451 ],
       [42.34335114, 41.69640229],
       [43.        , 42.06672834],
       [41.96951098, 41.80903289],
       [42.27740568, 42.84886767],
       [42.29008928, 43.        ],
       [42.18682583, 42.76614258],
       [42.38348256, 42.76159992],
       [42.53827904, 42.68065987]]), array([[ 3.300e+01],
       [ 2.321e+03],
       [ 2.183e+03],
       [-0.000e+00],
       [ 1.590e+02],
       [ 2.644e+03],
       [ 2.140e+03],
       [ 2.233e+03],
       [ 9.770e+02],
       [ 1.267e+03],
       [ 2.644e+03],
       [ 2.415e+03],
       [ 5.360e+02],
       [ 1.900e+03],
       [ 2.537e+03],
       [ 1.376e+03],
       [ 1.931e+03],
       [ 2.610e+03],
       [ 2.087e+03],
       [ 1.236e+03],
       [ 8.920e+02],
       [ 2.708e+03],
       [ 2.184e+03],
       [ 2.090e+03],
       [ 1.936e+03],
       [ 2.322e+03],
       [ 2.387e+03],
       [ 1.690e+03],
       [ 2.073e+03],
       [ 2.466e+03],
       [ 1.233e+03],
       [ 2.763e+03],
       [ 2.709e+03],
       [ 2.000e+00],
       [ 1.809e+03],
       [ 2.013e+03],
       [ 6.200e+01],
       [ 1.810e+03],
       [-0.000e+00],
       [-0.000e+00],
       [ 2.131e+03],
       [ 2.246e+03],
       [ 1.538e+03],
       [ 2.980e+02],
       [ 6.320e+02],
       [ 2.457e+03],
       [ 8.910e+02],
       [ 1.878e+03],
       [ 2.637e+03],
       [ 2.498e+03]])]","[array([[42.50611356, 42.65780986],
       [42.18066219, 41.7605118 ],
       [41.0272746 , 41.73195796],
       [41.08621987, 41.87147144],
       [41.69113708, 41.74090393],
       [42.43314757, 41.91331953],
       [42.23360029, 41.62503405],
       [42.52883138, 42.54605048],
       [42.53449326, 42.57532396],
       [42.6547176 , 42.69117632],
       [42.93922571, 42.89355502],
       [43.        , 43.        ],
       [43.        , 43.        ]]), array([[1919.],
       [2223.],
       [  -0.],
       [  -0.],
       [  -0.],
       [1204.],
       [ 624.],
       [1242.],
       [2116.],
       [2202.],
       [2515.],
       [2644.],
       [2644.]])]","[array([[41.35782232, 42.57449485],
       [42.9359173 , 42.28775725],
       [41.31807507, 42.53503609],
       [42.82485058, 41.41968663],
       [42.07421383, 42.61527477],
       [42.86935641, 41.        ],
       [42.50022044, 41.26507175],
       [43.        , 41.3287216 ],
       [43.        , 41.47599215],
       [43.        , 41.22442921],
       [43.        , 41.31777592],
       [43.        , 41.32198235],
       [42.92711303, 41.35633464],
       [41.        , 41.        ],
       [41.70921776, 41.45984484],
       [43.        , 41.33691656],
       [43.        , 41.31934943],
       [43.        , 41.32308539],
       [43.        , 41.32594829],
       [43.        , 41.32741448],
       [43.        , 41.32924519],
       [43.        , 41.33123522],
       [42.98655473, 41.33937428],
       [42.99154582, 41.35361499],
       [42.97012287, 41.35129921],
       [42.66604581, 41.62661873],
       [42.44547791, 41.80118148],
       [43.        , 43.        ],
       [42.8310282 , 43.        ],
       [41.        , 41.81317702],
       [43.        , 42.84133765],
       [41.        , 43.        ],
       [42.09040244, 41.        ],
       [41.80131879, 41.        ],
       [42.34489243, 41.        ],
       [42.61895014, 41.        ],
       [43.        , 43.        ],
       [42.98536771, 41.36951486],
       [42.08710312, 41.97452461],
       [43.        , 43.        ],
       [42.98755965, 41.37505864],
       [42.99277656, 41.37829542],
       [42.99014238, 41.37700384],
       [42.65810436, 41.86301103],
       [42.96787996, 41.36830644],
       [42.97880115, 41.39424595],
       [42.98539624, 42.98950581],
       [42.97912269, 41.35783276],
       [42.9508314 , 41.34720367],
       [42.99587643, 41.37458879]]), array([[-0.000e+00],
       [ 5.220e+02],
       [-0.000e+00],
       [ 2.335e+03],
       [ 1.820e+02],
       [ 2.117e+03],
       [ 1.514e+03],
       [ 2.530e+03],
       [ 2.180e+03],
       [ 2.066e+03],
       [ 2.444e+03],
       [ 2.447e+03],
       [ 2.436e+03],
       [ 1.057e+03],
       [ 1.540e+02],
       [ 2.804e+03],
       [ 2.440e+03],
       [ 2.479e+03],
       [ 2.549e+03],
       [ 2.539e+03],
       [ 2.530e+03],
       [ 2.594e+03],
       [ 2.769e+03],
       [ 2.654e+03],
       [ 2.709e+03],
       [ 2.318e+03],
       [ 2.073e+03],
       [ 2.644e+03],
       [ 1.673e+03],
       [-0.000e+00],
       [ 2.414e+03],
       [ 2.000e+00],
       [ 2.305e+03],
       [ 1.461e+03],
       [ 2.352e+03],
       [ 2.063e+03],
       [ 2.644e+03],
       [ 2.781e+03],
       [ 1.100e+02],
       [ 2.644e+03],
       [ 2.718e+03],
       [ 2.642e+03],
       [ 2.689e+03],
       [ 2.513e+03],
       [ 2.584e+03],
       [ 2.599e+03],
       [ 2.344e+03],
       [ 2.630e+03],
       [ 2.603e+03],
       [ 2.725e+03]])]","[array([[41.7928994 , 41.65881132],
       [42.70358429, 41.35297236],
       [41.41594133, 42.25429593],
       [41.88759626, 41.02747289],
       [42.967439  , 42.25897879],
       [42.70162279, 41.        ],
       [43.        , 41.25650806],
       [42.84176791, 41.28348439],
       [43.        , 41.        ],
       [43.        , 41.        ]]), array([[1079.],
       [2275.],
       [  -0.],
       [1675.],
       [ 471.],
       [2080.],
       [2278.],
       [2004.],
       [2411.],
       [2411.]])]","[array([[41.71076793, 41.03067093],
       [42.44007091, 41.3037479 ],
       [41.29824724, 42.38189008],
       [42.1036276 , 41.60927987],
       [41.12393296, 41.3480776 ],
       [42.05226413, 41.07647054],
       [42.37453058, 41.55116477],
       [42.5923483 , 41.78290308],
       [43.        , 42.04526863],
       [42.43131884, 41.91160073],
       [42.57253472, 41.56240291],
       [42.68054136, 41.64550773],
       [42.61969275, 41.57822537],
       [42.5383973 , 41.66171297],
       [42.66983283, 41.41831814],
       [42.47839477, 43.        ],
       [42.6397734 , 43.        ],
       [42.36876466, 43.        ],
       [42.48557165, 42.93040595],
       [42.48542175, 42.88125098],
       [42.51208977, 42.91466755],
       [42.45963203, 42.90153874],
       [42.50218527, 42.87933891],
       [42.48908733, 42.91485941],
       [42.47816915, 42.80605036],
       [42.49030976, 42.92670835],
       [42.49081304, 42.92776823],
       [42.49140441, 42.92915216],
       [42.49215737, 42.93084735],
       [42.49332034, 42.93317238],
       [42.4954872 , 42.93658889],
       [42.49913467, 42.94072916],
       [42.502557  , 42.94349403],
       [41.        , 43.        ],
       [42.50119479, 42.94174225],
       [43.        , 41.        ],
       [42.48316765, 42.94366507],
       [42.47003608, 42.86931352],
       [42.5365494 , 42.90871508],
       [42.46478991, 42.92768272],
       [42.98080961, 41.04307345],
       [42.95296117, 41.        ],
       [42.42324964, 42.91485196],
       [42.56820556, 41.61343703],
       [42.59833142, 41.52052402],
       [42.38395432, 42.88740592],
       [42.37299261, 42.91005505],
       [42.35875903, 42.89354052],
       [42.3918955 , 42.91010173],
       [42.35848783, 42.92764201]]), array([[ 1.394e+03],
       [ 1.370e+03],
       [-0.000e+00],
       [ 1.424e+03],
       [-0.000e+00],
       [ 1.003e+03],
       [ 1.764e+03],
       [ 2.173e+03],
       [ 8.130e+02],
       [ 1.058e+03],
       [ 2.344e+03],
       [ 1.808e+03],
       [ 2.266e+03],
       [ 2.291e+03],
       [ 1.851e+03],
       [ 2.573e+03],
       [ 1.326e+03],
       [ 1.726e+03],
       [ 3.381e+03],
       [ 3.239e+03],
       [ 2.927e+03],
       [ 2.702e+03],
       [ 2.732e+03],
       [ 2.392e+03],
       [ 1.582e+03],
       [ 2.998e+03],
       [ 3.078e+03],
       [ 3.159e+03],
       [ 3.281e+03],
       [ 3.472e+03],
       [ 3.596e+03],
       [ 3.458e+03],
       [ 3.136e+03],
       [ 2.000e+00],
       [ 3.295e+03],
       [ 2.411e+03],
       [ 3.022e+03],
       [ 2.307e+03],
       [ 2.469e+03],
       [ 2.843e+03],
       [ 2.354e+03],
       [ 2.100e+03],
       [ 2.414e+03],
       [ 1.907e+03],
       [ 2.227e+03],
       [ 2.951e+03],
       [ 3.129e+03],
       [ 2.625e+03],
       [ 2.478e+03],
       [ 2.943e+03]])]","[array([[41.69537863, 41.95521127],
       [41.84754282, 41.37653797],
       [42.24300751, 42.62096986],
       [42.92716   , 41.88499252],
       [41.91761418, 42.26229334],
       [42.02880557, 41.16485104],
       [41.66221183, 41.2410563 ],
       [43.        , 41.64129516],
       [42.92263221, 42.06236925],
       [41.83385949, 41.26561621],
       [41.79726147, 41.16311056],
       [41.94113581, 41.25176224],
       [41.55253047, 41.08179024],
       [41.38640923, 41.        ],
       [41.30893524, 41.        ],
       [41.15739558, 41.        ],
       [41.30157119, 41.        ],
       [41.26485555, 41.        ],
       [41.25218792, 41.        ],
       [41.275646  , 41.        ],
       [41.23613163, 41.        ],
       [41.19022081, 41.        ],
       [41.24698745, 41.        ],
       [41.25649571, 41.        ],
       [41.2590937 , 41.        ],
       [41.26590002, 41.        ],
       [41.2719112 , 41.        ],
       [41.27673572, 41.        ],
       [41.27592699, 41.        ],
       [41.27866889, 41.        ],
       [41.28820215, 41.        ],
       [41.30353537, 41.        ],
       [41.33503304, 41.        ],
       [41.3315152 , 41.        ],
       [41.32697814, 41.        ],
       [41.53929788, 41.07731049],
       [41.29762812, 41.00847717],
       [41.56333677, 41.07290111],
       [41.56694242, 41.08354984],
       [41.23661886, 41.01647161],
       [41.5552228 , 41.06743489],
       [41.56902489, 41.06152161],
       [41.5616527 , 41.04907777],
       [41.57941618, 41.04913923],
       [41.57948292, 41.06954496],
       [41.34377205, 41.02030795],
       [41.35449866, 41.0145402 ],
       [41.        , 43.        ],
       [43.        , 43.        ],
       [42.68563262, 41.        ]]), array([[-0.000e+00],
       [ 1.762e+03],
       [ 4.040e+02],
       [ 1.763e+03],
       [ 8.000e+00],
       [ 1.337e+03],
       [ 1.458e+03],
       [ 9.670e+02],
       [ 8.920e+02],
       [ 1.009e+03],
       [ 1.213e+03],
       [ 1.314e+03],
       [ 2.832e+03],
       [ 2.245e+03],
       [ 2.624e+03],
       [ 2.100e+03],
       [ 3.009e+03],
       [ 2.579e+03],
       [ 2.099e+03],
       [ 2.943e+03],
       [ 2.724e+03],
       [ 2.371e+03],
       [ 2.437e+03],
       [ 2.189e+03],
       [ 2.293e+03],
       [ 2.606e+03],
       [ 2.769e+03],
       [ 2.982e+03],
       [ 2.957e+03],
       [ 2.922e+03],
       [ 2.696e+03],
       [ 2.895e+03],
       [ 2.559e+03],
       [ 2.541e+03],
       [ 2.553e+03],
       [ 2.382e+03],
       [ 2.565e+03],
       [ 3.000e+03],
       [ 2.520e+03],
       [ 2.146e+03],
       [ 2.868e+03],
       [ 2.956e+03],
       [ 2.757e+03],
       [ 2.461e+03],
       [ 2.619e+03],
       [ 2.987e+03],
       [ 3.026e+03],
       [ 2.000e+00],
       [ 2.644e+03],
       [ 2.086e+03]])]","[array([[42.87631814, 42.44203117],
       [42.35010827, 41.54873746],
       [41.84341042, 41.69389758],
       [41.54696918, 41.29654614],
       [41.3921872 , 42.18376753],
       [42.35220398, 41.55256289],
       [42.36910849, 41.58341749],
       [42.34757799, 41.5606065 ],
       [42.36279876, 41.54996331],
       [42.37547303, 41.53347664],
       [41.7801969 , 42.66073946],
       [42.36161472, 41.55354206],
       [42.31606059, 41.50220676],
       [42.28904657, 41.49397875],
       [42.28041751, 41.4699725 ],
       [42.27238332, 41.51187488],
       [42.21857954, 41.49765639],
       [42.18603224, 41.31411315],
       [42.17839743, 41.53425616],
       [43.        , 41.        ],
       [43.        , 41.19568008],
       [42.79570231, 41.        ],
       [43.        , 41.        ],
       [41.        , 43.        ],
       [41.        , 41.        ],
       [42.55835105, 43.        ],
       [43.        , 41.        ],
       [43.        , 41.        ]]), array([[ 7.050e+02],
       [ 1.872e+03],
       [ 4.790e+02],
       [ 5.330e+02],
       [-0.000e+00],
       [ 2.007e+03],
       [ 1.001e+03],
       [ 1.710e+03],
       [ 2.090e+03],
       [ 1.608e+03],
       [ 1.000e+02],
       [ 1.919e+03],
       [ 2.074e+03],
       [ 2.524e+03],
       [ 2.060e+03],
       [ 2.336e+03],
       [ 2.581e+03],
       [ 1.527e+03],
       [ 2.160e+03],
       [ 2.411e+03],
       [ 1.940e+03],
       [ 2.082e+03],
       [ 2.411e+03],
       [ 2.000e+00],
       [ 1.057e+03],
       [ 1.466e+03],
       [ 2.411e+03],
       [ 2.411e+03]])]"
2,"[array([[10.31210935, 55.20340811],
       [10.99410301, 55.39524   ],
       [10.20378704, 55.06403871],
       [10.18566476, 54.39976515],
       [11.44655294, 54.21087517],
       [10.31210936, 55.20340823],
       [10.32132446, 55.20275065],
       [10.32700433, 55.20010156],
       [10.32155812, 55.20756552],
       [10.31865417, 55.19604119],
       [10.34386835, 55.29668974],
       [10.35932257, 55.28857206],
       [10.36480948, 55.29355534],
       [10.36361253, 55.2818081 ],
       [10.35221726, 55.28335827],
       [10.34507751, 55.26679408],
       [10.35456569, 55.25665518],
       [10.36567601, 55.31667806],
       [10.33475687, 55.25707335],
       [10.39137197, 55.3050638 ],
       [10.39567552, 55.32239215],
       [10.40926555, 55.30632274],
       [10.4068539 , 55.29405172],
       [10.41164342, 55.2888664 ],
       [10.41265275, 55.28258171],
       [10.41730109, 55.29057917],
       [10.43293377, 55.29775516],
       [10.43445755, 55.28345093],
       [10.46024779, 55.22703259],
       [10.43729742, 55.25368834],
       [10.59157231, 55.26113802],
       [10.64554908, 55.17525399],
       [10.6847055 , 55.11995749],
       [10.61403672, 55.17807933],
       [10.59558188, 55.16167361],
       [10.61398161, 55.18242424],
       [10.61329172, 55.18961836],
       [10.61336667, 55.19027026],
       [11.96393762, 55.97407501],
       [11.9691535 , 55.03358321],
       [10.        , 56.        ],
       [10.61342992, 55.18953629],
       [10.5838339 , 55.18603918],
       [10.57999014, 55.19173631],
       [10.31027464, 56.        ],
       [10.75475015, 54.        ],
       [10.5738067 , 55.19327794],
       [10.57043746, 55.19368746],
       [10.57816666, 55.19333252],
       [11.26180088, 56.        ]]), array([[ 28.],
       [ -0.],
       [  5.],
       [ 10.],
       [ -0.],
       [ 28.],
       [ 41.],
       [ 30.],
       [ 38.],
       [ 31.],
       [ 28.],
       [ 43.],
       [ 38.],
       [ 36.],
       [ 40.],
       [ 39.],
       [ 34.],
       [ 30.],
       [ 31.],
       [ 35.],
       [ 33.],
       [ 40.],
       [ 53.],
       [ 63.],
       [ 56.],
       [ 60.],
       [ 52.],
       [ 59.],
       [ 59.],
       [ 61.],
       [ 66.],
       [ 89.],
       [ 59.],
       [ 95.],
       [ 90.],
       [102.],
       [ 98.],
       [ 97.],
       [  9.],
       [ 15.],
       [ 52.],
       [ 98.],
       [107.],
       [107.],
       [ -0.],
       [ 31.],
       [108.],
       [102.],
       [107.],
       [ -0.]])]","[array([[10.643059  , 54.94560301],
       [10.68293009, 54.99365916],
       [10.56615879, 55.0884413 ],
       [10.58475397, 55.5195514 ],
       [11.94643173, 55.9743447 ],
       [10.55999613, 55.10862892],
       [10.60796672, 55.14156046],
       [10.66127611, 55.18967   ],
       [10.81227921, 55.22831119],
       [10.61687453, 55.21834447],
       [10.30043525, 55.11247903],
       [10.21993814, 55.10434357],
       [10.33342463, 55.11577398],
       [10.63341813, 55.17443082],
       [10.28747394, 55.11122415],
       [10.64659457, 55.17725081],
       [10.65566384, 55.1618274 ],
       [10.64667443, 55.19601645],
       [10.66246083, 55.21140645],
       [10.29836215, 55.09559131],
       [10.64352788, 55.19254345],
       [10.29010599, 55.15350744],
       [10.30237715, 55.11963447],
       [10.64503752, 55.19385392],
       [10.64847407, 55.19493772],
       [10.59484369, 55.17298443],
       [10.57581165, 55.17246477],
       [10.55494946, 55.18153579],
       [10.53538011, 55.19026411],
       [11.99931609, 54.08118386],
       [10.56722152, 55.17502187],
       [10.57907218, 55.17335139],
       [10.56419328, 55.19080089],
       [10.08252227, 54.04206297],
       [11.81974161, 55.02981732],
       [10.99247226, 54.04391869],
       [11.18091731, 55.96887109],
       [10.05746175, 55.96908925],
       [10.56121206, 55.16930908],
       [10.57051975, 55.1824336 ],
       [10.04858921, 55.88015445],
       [10.69052715, 55.19376541],
       [10.12287928, 56.        ],
       [10.        , 56.        ],
       [10.22997123, 56.        ],
       [11.23214661, 54.64987038],
       [10.5690477 , 55.18179904],
       [11.37421794, 55.43013307],
       [10.56007372, 54.36970691],
       [10.02289678, 54.58460126]]), array([[ -0.],
       [ 19.],
       [ 64.],
       [ 15.],
       [ 11.],
       [ 67.],
       [ 82.],
       [ 89.],
       [  3.],
       [ 72.],
       [107.],
       [ 16.],
       [ 37.],
       [ 85.],
       [ 76.],
       [ 87.],
       [ 70.],
       [ 89.],
       [ 84.],
       [ 40.],
       [ 89.],
       [ 33.],
       [ 73.],
       [ 87.],
       [ 88.],
       [ 95.],
       [ 99.],
       [108.],
       [ 80.],
       [ 19.],
       [101.],
       [100.],
       [ 97.],
       [ 28.],
       [ -0.],
       [ -0.],
       [ -0.],
       [ 76.],
       [ 92.],
       [ 99.],
       [  5.],
       [ 95.],
       [ 74.],
       [ 52.],
       [  1.],
       [ -0.],
       [113.],
       [ 26.],
       [ 16.],
       [  7.]])]","[array([[11.44981484, 54.14882621],
       [10.82842348, 54.21165146],
       [10.30060275, 54.0313986 ],
       [11.99657555, 55.4127695 ],
       [11.11896147, 54.33181716],
       [10.82574127, 54.20928957],
       [10.82289881, 54.20678659],
       [10.82744068, 54.20495377],
       [10.73473589, 54.1856802 ],
       [10.63980657, 54.26482958],
       [10.76907727, 54.18558329],
       [10.73763385, 54.13071052],
       [10.74897227, 54.20893267],
       [10.75326405, 54.22877747],
       [10.74482654, 54.21846333],
       [10.76209024, 54.22248916],
       [10.78246389, 54.31725079],
       [10.60159469, 55.58569102],
       [10.00559304, 54.91246992],
       [11.39486659, 55.96357453],
       [11.30149955, 55.12037677],
       [10.74662864, 54.21541086],
       [11.99776865, 54.64279958],
       [10.00959873, 55.9630434 ],
       [10.02645212, 55.84616678],
       [10.10445218, 56.        ],
       [10.74780348, 54.21511445],
       [10.74652547, 54.21461293],
       [10.20656731, 56.        ],
       [10.74763749, 54.21440967],
       [10.64800357, 54.96187213],
       [10.74779661, 54.21391925],
       [11.95679818, 55.99770615],
       [11.9982904 , 54.03998418],
       [10.08049645, 54.43388633],
       [10.13172431, 55.36448851],
       [11.50658014, 54.65267065],
       [10.89781974, 55.96344903],
       [11.53447808, 55.51736789],
       [11.7617165 , 55.03074425],
       [10.09167016, 55.94391681],
       [11.10440877, 55.49898588],
       [10.74908255, 54.21262119],
       [10.75092315, 54.21094461],
       [10.99065028, 54.75594422],
       [10.41456581, 54.59608279],
       [11.82986897, 54.33682827],
       [10.29678288, 55.07624102],
       [10.88574537, 55.22849556],
       [11.79964376, 55.69963539]]), array([[ -0.],
       [ 70.],
       [ 38.],
       [ 41.],
       [ -0.],
       [ 89.],
       [ 86.],
       [ 74.],
       [ 99.],
       [ 20.],
       [ 92.],
       [ 33.],
       [132.],
       [125.],
       [120.],
       [116.],
       [ -0.],
       [ -0.],
       [ 29.],
       [  8.],
       [ -0.],
       [124.],
       [ -0.],
       [ 70.],
       [ -0.],
       [ 82.],
       [138.],
       [125.],
       [ 24.],
       [132.],
       [ -0.],
       [138.],
       [ 13.],
       [ 22.],
       [ 23.],
       [ 47.],
       [  1.],
       [ -0.],
       [ 30.],
       [ -0.],
       [ 62.],
       [ -0.],
       [142.],
       [135.],
       [ -0.],
       [ -0.],
       [ -0.],
       [ 21.],
       [ -0.],
       [ -0.]])]","[array([[10.93113091, 55.55556935],
       [10.78945614, 54.74729278],
       [10.9156513 , 55.6743498 ],
       [10.58503914, 54.3591851 ],
       [11.54219683, 54.85786923],
       [10.53109956, 54.25846011],
       [10.52449223, 54.24611914],
       [10.53211794, 54.26036597],
       [10.5432201 , 54.25436471],
       [10.5217855 , 54.26564387],
       [10.51239769, 54.2719877 ],
       [10.49851332, 54.28634488],
       [10.50345065, 54.26815702],
       [10.51896485, 54.32315287],
       [10.51570229, 54.28205962],
       [10.4952674 , 54.34324258],
       [10.51905083, 54.35740679],
       [10.47721304, 54.37475929],
       [11.33391475, 54.33500424],
       [10.22614636, 55.94959057],
       [10.042363  , 55.028916  ],
       [10.49263764, 54.32032527],
       [10.56183895, 55.21699498],
       [10.54385587, 55.21669726],
       [10.52944759, 55.22552181],
       [10.5435791 , 55.20303198],
       [10.53924176, 55.18892538],
       [10.54489171, 55.20316721],
       [10.53827058, 55.20366677],
       [10.57423888, 55.16418435],
       [10.56437927, 55.12439919],
       [10.61602869, 55.14394063],
       [10.62953687, 55.09888489],
       [10.66468897, 55.15516515],
       [10.7104873 , 55.09485119],
       [10.68621855, 55.22337021],
       [10.73901446, 55.21574141],
       [10.63422439, 55.19237897],
       [10.61544144, 55.1784989 ],
       [10.64266407, 55.23080853],
       [10.5780092 , 55.0224547 ],
       [10.69425557, 55.30491857],
       [11.94585036, 55.90715071],
       [11.9865039 , 54.0239253 ],
       [10.62790129, 55.17654371],
       [10.65766775, 55.2003531 ],
       [11.96200081, 55.26097591],
       [10.6082195 , 55.18898452],
       [11.99664361, 55.22348828],
       [11.98362091, 55.1988676 ]]), array([[ -0.],
       [ -0.],
       [ -0.],
       [ 11.],
       [ -0.],
       [ 34.],
       [ 25.],
       [ 34.],
       [ 24.],
       [ 48.],
       [ 61.],
       [ 45.],
       [ 49.],
       [ 47.],
       [ 56.],
       [ 48.],
       [ 42.],
       [ 26.],
       [ -0.],
       [ 17.],
       [ -0.],
       [ 33.],
       [ 75.],
       [ 89.],
       [ 67.],
       [ 96.],
       [ 87.],
       [ 94.],
       [ 92.],
       [ 84.],
       [ 69.],
       [ 83.],
       [ 68.],
       [ 69.],
       [ 42.],
       [ 76.],
       [ 47.],
       [ 94.],
       [ 96.],
       [ 74.],
       [  4.],
       [ 29.],
       [ 23.],
       [ 31.],
       [ 87.],
       [ 87.],
       [ 86.],
       [ 99.],
       [115.],
       [ 78.]])]","[array([[11.39029681, 54.5619172 ],
       [10.94718695, 54.27561992],
       [11.80995447, 54.31035007],
       [10.57993499, 55.27134427],
       [10.70217516, 55.75453902],
       [10.57976805, 55.26845474],
       [10.56931962, 55.15947638],
       [10.35078896, 55.06211573],
       [10.63197824, 55.18660868],
       [10.73024689, 55.1510718 ],
       [10.64153467, 55.22138236],
       [10.62781044, 55.15217341],
       [10.40139334, 55.38950918],
       [10.60881224, 55.1906326 ],
       [11.99365839, 55.81765617],
       [10.01375155, 54.08382387],
       [11.98642319, 55.10089112],
       [11.37359684, 55.41513709],
       [10.0290464 , 55.97321668],
       [10.        , 55.81938847],
       [10.16419594, 56.        ],
       [11.27852114, 55.99830299],
       [10.08920469, 54.39633936],
       [11.27087367, 55.1554574 ],
       [11.5693889 , 55.54516263],
       [10.23595006, 54.        ],
       [10.59595783, 55.19851295],
       [10.5797649 , 55.20305656],
       [10.55565877, 55.20799812],
       [10.67490044, 55.33735875],
       [10.6458224 , 55.04455114],
       [10.37282331, 54.04654541],
       [10.19418729, 54.13608955],
       [10.2751671 , 54.22131081],
       [10.10179763, 54.19801775],
       [10.13398873, 54.0453583 ],
       [11.39587446, 54.02372898],
       [10.58309231, 55.21196463],
       [10.59849213, 55.19366359],
       [10.55809194, 54.55640162],
       [10.59857531, 55.19274694],
       [10.57967272, 55.19028102],
       [10.        , 54.81928211],
       [12.        , 54.69472924],
       [10.59780351, 55.19157701],
       [10.        , 55.343751  ],
       [10.99729463, 54.75937636],
       [10.59756511, 55.19063829],
       [10.65958432, 55.18030554],
       [10.59730848, 55.1905029 ]]), array([[ -0.],
       [  9.],
       [ -0.],
       [ 71.],
       [ -0.],
       [ 72.],
       [ 82.],
       [ 10.],
       [ 98.],
       [ 50.],
       [ 83.],
       [ 87.],
       [ 15.],
       [104.],
       [ 13.],
       [ 42.],
       [ 19.],
       [ 42.],
       [ 63.],
       [ 12.],
       [ 27.],
       [ -0.],
       [ 24.],
       [ -0.],
       [ 27.],
       [ 49.],
       [108.],
       [113.],
       [ 92.],
       [ 16.],
       [ -0.],
       [ 39.],
       [ 55.],
       [ 36.],
       [ 46.],
       [ 36.],
       [ -0.],
       [ 91.],
       [112.],
       [ -0.],
       [111.],
       [106.],
       [ -0.],
       [ -0.],
       [112.],
       [ 50.],
       [ -0.],
       [111.],
       [ 91.],
       [111.]])]","[array([[11.36109891, 55.83161431],
       [10.20156061, 54.87135206],
       [11.46795602, 55.66544707],
       [11.56860794, 54.22265293],
       [11.39673875, 55.99827494],
       [11.47570249, 55.65270244],
       [11.41706421, 55.61964232],
       [11.40134436, 55.60929969],
       [11.4239139 , 55.62408938],
       [11.42942545, 55.62759453],
       [11.42250888, 55.62326691],
       [11.4222924 , 55.62331064],
       [11.4256684 , 55.61843412],
       [11.42438991, 55.62000575],
       [11.41273281, 55.63738058],
       [11.39048932, 55.66891548],
       [11.44414104, 55.59199057],
       [11.47155422, 55.54750058],
       [11.34097   , 55.69333257],
       [11.31881509, 55.69081438],
       [11.35507041, 55.69566809],
       [11.34450698, 55.7098739 ],
       [10.33492868, 55.53235782],
       [10.75076914, 54.64783731],
       [11.34888386, 55.68093615],
       [11.91770674, 54.93367344],
       [11.3475512 , 55.69401977],
       [10.40787964, 54.05088242],
       [10.36572264, 54.08013665],
       [10.35390136, 54.04434604],
       [10.39270964, 54.10110964],
       [10.33686722, 54.09936597],
       [10.31139198, 54.1276705 ],
       [10.30593602, 54.08097201],
       [10.26695223, 54.07607832],
       [10.46609942, 54.0165693 ],
       [11.31156005, 54.97942548],
       [10.777459  , 55.98658531],
       [11.03118401, 54.00379281],
       [10.32515573, 54.08378531],
       [11.99036229, 55.87450394],
       [10.81254914, 55.26575426],
       [10.04260517, 55.97062121],
       [10.03200123, 55.985111  ],
       [10.04909637, 55.99691211],
       [10.01795737, 55.96875273],
       [10.02794812, 55.97194729],
       [10.00495358, 55.99077272],
       [10.03390872, 55.96253588],
       [10.03531207, 55.97579345]]), array([[-0.],
       [-0.],
       [11.],
       [-0.],
       [-0.],
       [11.],
       [48.],
       [26.],
       [64.],
       [42.],
       [53.],
       [57.],
       [56.],
       [52.],
       [51.],
       [43.],
       [47.],
       [31.],
       [61.],
       [31.],
       [54.],
       [47.],
       [13.],
       [-0.],
       [49.],
       [-0.],
       [56.],
       [43.],
       [50.],
       [32.],
       [33.],
       [52.],
       [41.],
       [54.],
       [39.],
       [28.],
       [-0.],
       [-0.],
       [-0.],
       [52.],
       [16.],
       [-0.],
       [73.],
       [76.],
       [55.],
       [72.],
       [69.],
       [32.],
       [67.],
       [75.]])]","[array([[11.06288499, 55.41613948],
       [10.43340816, 55.25322846],
       [10.07440507, 55.54121663],
       [11.11296625, 54.80624323],
       [11.30901647, 55.07124266],
       [10.4207512 , 55.15550421],
       [10.45036009, 55.30051485],
       [10.43296883, 55.26800585],
       [10.37610596, 55.26047932],
       [10.50382769, 55.2839876 ],
       [10.55918476, 55.29411183],
       [10.        , 54.        ],
       [10.51426264, 55.29348261],
       [12.        , 54.        ],
       [10.51018402, 55.28474632],
       [12.        , 56.        ],
       [10.51593191, 55.27511083],
       [10.50997868, 55.22879359],
       [10.54932761, 55.18700362],
       [10.61946665, 55.13147363],
       [10.5387294 , 55.19083053],
       [10.54745697, 55.19969224],
       [10.89964161, 54.        ],
       [12.        , 54.78514881],
       [10.69622944, 56.        ],
       [10.        , 54.62930274],
       [11.38255801, 56.        ],
       [10.55693562, 55.20297172],
       [12.        , 55.3941965 ],
       [11.4977439 , 54.27504318],
       [10.54303145, 54.48531517],
       [10.57443969, 55.20684046],
       [10.59479249, 55.20869169],
       [10.        , 56.        ],
       [10.24315106, 56.        ],
       [11.61973517, 55.52982063],
       [10.57056449, 55.20873361],
       [11.66727924, 55.30759877],
       [10.57030375, 55.20855667],
       [11.71608786, 55.70920471],
       [11.42788355, 55.55743005],
       [10.57720483, 55.18929579],
       [10.        , 55.07256177],
       [10.42757145, 54.        ],
       [12.        , 54.3832618 ],
       [10.57291454, 55.199929  ],
       [10.52526444, 54.90993629],
       [11.58261909, 54.71492563],
       [11.04097807, 54.39366819],
       [10.70658137, 55.60830014]]), array([[ -0.],
       [ 61.],
       [ 11.],
       [ -1.],
       [ -0.],
       [ 44.],
       [ 49.],
       [ 65.],
       [ 48.],
       [ 66.],
       [ 56.],
       [ 22.],
       [ 58.],
       [ 23.],
       [ 66.],
       [ 13.],
       [ 67.],
       [ 88.],
       [ 96.],
       [ 66.],
       [ 87.],
       [ 96.],
       [ -0.],
       [ 13.],
       [ -0.],
       [ 18.],
       [ -0.],
       [100.],
       [ 34.],
       [ -0.],
       [ -0.],
       [105.],
       [ 95.],
       [ 52.],
       [ -0.],
       [ 55.],
       [102.],
       [ 22.],
       [102.],
       [ 21.],
       [ 34.],
       [102.],
       [ -0.],
       [ 30.],
       [ -0.],
       [105.],
       [ -0.],
       [ 10.],
       [ -0.],
       [ -0.]])]","[array([[10.2805342 , 54.36444405],
       [11.5670415 , 54.10989818],
       [10.72642881, 54.34157248],
       [11.64419487, 54.29913782],
       [11.54924953, 54.91855466],
       [10.18584628, 54.36929141],
       [10.27976624, 54.36091273],
       [10.29126201, 54.37472806],
       [10.27253488, 54.36918287],
       [10.29693472, 54.35247487],
       [10.28233666, 54.33630537],
       [10.30439472, 54.30107894],
       [10.3171877 , 54.27964741],
       [10.28937864, 54.29087913],
       [10.31803756, 54.30807686],
       [10.2922137 , 54.28797806],
       [10.27842768, 54.27070221],
       [10.28360915, 54.27165938],
       [10.29830052, 54.27822912],
       [10.30475361, 54.26613889],
       [10.28740722, 54.29524093],
       [10.29056949, 54.290468  ],
       [10.28807072, 54.2935891 ],
       [10.29504586, 54.28432601],
       [10.02344783, 55.99176729],
       [10.00550894, 55.9569275 ],
       [10.        , 55.91626565],
       [10.        , 55.93718094],
       [10.        , 55.94846422],
       [10.        , 55.9495051 ],
       [10.        , 55.94948309],
       [10.        , 55.9495254 ],
       [10.        , 55.94960449],
       [10.        , 55.94970337],
       [10.        , 55.94980971],
       [10.11396975, 55.90188879],
       [11.94909602, 55.95450569],
       [11.02071637, 55.73877289],
       [10.00472424, 55.95292609],
       [10.01803255, 55.94881952],
       [10.00159926, 55.95850505],
       [10.26541674, 54.26883804],
       [10.00907034, 55.9596908 ],
       [10.00523079, 55.95960079],
       [10.        , 55.94204793],
       [10.00974418, 55.83730318],
       [10.02555199, 55.94895477],
       [10.02167397, 55.95607182],
       [10.02709758, 55.95601332],
       [10.02248837, 55.96213549]]), array([[22.],
       [-0.],
       [-0.],
       [-0.],
       [-0.],
       [-0.],
       [21.],
       [15.],
       [20.],
       [22.],
       [25.],
       [42.],
       [33.],
       [37.],
       [32.],
       [68.],
       [41.],
       [24.],
       [35.],
       [26.],
       [35.],
       [44.],
       [30.],
       [51.],
       [49.],
       [80.],
       [58.],
       [80.],
       [74.],
       [73.],
       [73.],
       [73.],
       [73.],
       [73.],
       [73.],
       [24.],
       [-0.],
       [-0.],
       [69.],
       [66.],
       [73.],
       [42.],
       [71.],
       [69.],
       [85.],
       [-0.],
       [73.],
       [82.],
       [83.],
       [76.]])]","[array([[11.15692072, 55.50266128],
       [11.23086262, 54.69712636],
       [10.5769673 , 54.91422096],
       [11.12927703, 55.94247869],
       [11.28732808, 55.16093634],
       [11.14293328, 54.06211854],
       [11.98507269, 55.36239823],
       [12.        , 55.64534661],
       [11.9826994 , 55.35987058],
       [12.        , 55.31370284],
       [12.        , 55.23182015],
       [12.        , 55.20128594],
       [11.98411867, 55.24291681],
       [11.90555042, 55.22811331],
       [11.85653979, 55.27060755],
       [12.        , 55.24478182],
       [11.9849695 , 55.22593902],
       [11.96677212, 55.21844179],
       [11.92685195, 55.18465601],
       [10.20003515, 54.05055248],
       [11.94201868, 55.23975401],
       [10.21305941, 55.65766631],
       [11.95753847, 54.27767433],
       [10.02712847, 54.60899432],
       [10.64866111, 54.36294043],
       [11.92366814, 55.27543679],
       [10.008402  , 55.15419624],
       [10.63876048, 55.99273533],
       [11.73011914, 54.69872771],
       [10.64348419, 55.44378638],
       [10.04888047, 54.01671103],
       [10.00685345, 54.0562586 ],
       [10.09839517, 54.        ],
       [10.2180743 , 54.23004083],
       [10.34108069, 54.05182469],
       [10.39498997, 54.02296123],
       [10.40360728, 54.06518036],
       [10.3598102 , 54.        ],
       [10.43574249, 54.01036096],
       [10.3388831 , 54.11709561],
       [11.62393617, 55.95434374],
       [11.97980702, 55.22276295],
       [12.        , 55.09494155],
       [11.52057579, 54.252428  ],
       [11.97274084, 55.22591789],
       [10.06367581, 55.99247215],
       [11.97792215, 55.22471832],
       [11.98043511, 55.22453074],
       [10.02252767, 55.98890174],
       [10.10285943, 55.99588821]]), array([[ -0.],
       [ -0.],
       [ -0.],
       [ -0.],
       [ -0.],
       [ -0.],
       [ 40.],
       [  3.],
       [ 40.],
       [ 48.],
       [101.],
       [ 74.],
       [ 94.],
       [ 79.],
       [ 30.],
       [ 87.],
       [118.],
       [111.],
       [ 46.],
       [ 38.],
       [ 97.],
       [ -0.],
       [ -0.],
       [ -1.],
       [ -0.],
       [ 73.],
       [ 14.],
       [ -0.],
       [ 16.],
       [ -1.],
       [ 70.],
       [ 23.],
       [ 33.],
       [ 30.],
       [ 64.],
       [ 85.],
       [ 61.],
       [ 45.],
       [ 43.],
       [ 26.],
       [ -0.],
       [104.],
       [ 22.],
       [ -0.],
       [104.],
       [ 90.],
       [107.],
       [106.],
       [ 55.],
       [ 83.]])]","[array([[11.42898692, 54.99742348],
       [10.80454076, 55.54174952],
       [11.98221341, 55.86320234],
       [11.95577991, 55.07432448],
       [11.62995375, 55.08676312],
       [12.        , 55.03467033],
       [11.96920681, 55.14811795],
       [11.93210157, 55.03754456],
       [11.99664088, 55.08684792],
       [12.        , 55.09056482],
       [12.        , 55.09283491],
       [12.        , 55.1002097 ],
       [12.        , 55.13803665],
       [11.96501712, 55.0790886 ],
       [11.96750682, 55.09090011],
       [11.9486583 , 55.15778684],
       [11.96666495, 55.07330508],
       [11.9916852 , 55.04909695],
       [11.98394879, 55.04123067],
       [11.9605923 , 55.07913331],
       [11.95100618, 55.17909696],
       [11.97992403, 55.05241095],
       [11.92736853, 55.16950628],
       [11.92792026, 55.14216547],
       [11.92951787, 55.19426777],
       [11.91331949, 55.19287165],
       [11.91672262, 55.20611529],
       [11.90845188, 55.21003986],
       [11.91275911, 55.21813513],
       [11.91455208, 55.22479049],
       [11.90774067, 55.22841472],
       [11.9235183 , 55.22718851],
       [11.9309433 , 55.23144126],
       [11.9320695 , 55.22532298],
       [11.94580846, 55.23001756],
       [11.93888412, 55.23970737],
       [11.93707847, 55.2323849 ],
       [11.9657132 , 55.24693596],
       [11.92702458, 55.27333702],
       [11.98098433, 55.31630846],
       [11.91284768, 55.34936512],
       [11.65226971, 54.06872967],
       [10.67336335, 54.36503556],
       [10.18424277, 55.94485128],
       [10.07270896, 55.01918912],
       [10.03170876, 54.12926276],
       [11.93597164, 55.23294149],
       [11.31468945, 55.97383737],
       [11.93698087, 55.23205421],
       [11.94828472, 55.24254056]]), array([[ -0.],
       [ -0.],
       [ 20.],
       [ 44.],
       [ -0.],
       [ 37.],
       [ 28.],
       [ -0.],
       [ 23.],
       [ 21.],
       [ 24.],
       [ 34.],
       [  3.],
       [ 52.],
       [ 22.],
       [ 37.],
       [ 46.],
       [ 46.],
       [ 47.],
       [ 52.],
       [ 36.],
       [ 54.],
       [ 35.],
       [ 15.],
       [ 45.],
       [ 49.],
       [ 60.],
       [ 64.],
       [ 82.],
       [ 88.],
       [ 81.],
       [100.],
       [102.],
       [103.],
       [103.],
       [102.],
       [101.],
       [ 84.],
       [ 76.],
       [ 62.],
       [ 30.],
       [ 25.],
       [ -0.],
       [ 21.],
       [ -0.],
       [ 27.],
       [ 99.],
       [  3.],
       [101.],
       [ 99.]])]"
3,"[array([[87.63624403, 28.57386626],
       [87.80446878, 27.62029201],
       [87.93109854, 28.18813469],
       [86.32899697, 28.62733784],
       [86.15132593, 28.75589982],
       [86.40224446, 28.37194959],
       [86.36967853, 28.09235178],
       [86.4143609 , 28.45051396],
       [86.39192774, 28.38323798],
       [86.42457508, 28.3305655 ],
       [86.50191944, 28.33095554],
       [86.48369583, 28.83673127],
       [86.71300434, 28.95710761],
       [86.72838514, 28.73318227],
       [86.53002218, 29.        ],
       [86.38156067, 28.3068909 ],
       [86.33467926, 28.29283732],
       [86.40114427, 28.28260817],
       [86.62978363, 28.31681621],
       [86.8889626 , 29.        ],
       [87.1109382 , 29.        ],
       [87.09409082, 28.83801244],
       [86.38493035, 28.32118375],
       [86.4108339 , 28.30223232],
       [86.80888335, 27.00518692],
       [88.        , 29.        ],
       [86.        , 27.        ],
       [86.31357235, 28.36886326],
       [86.34420284, 28.36487894],
       [87.53141997, 29.        ],
       [86.33527734, 28.36526183],
       [86.35204742, 28.35235697],
       [88.        , 27.        ],
       [86.34662651, 28.36063963],
       [86.4011793 , 28.30724131],
       [87.26345841, 28.06434277],
       [86.40741349, 28.30190311],
       [86.40280746, 28.30543716],
       [86.4029145 , 28.30533517],
       [88.        , 28.62120366],
       [86.40169864, 28.30621146],
       [86.40276782, 28.30535565],
       [86.40263436, 28.30548735],
       [86.40262561, 28.30554165],
       [86.40260834, 28.30561583],
       [86.40258669, 28.30570223],
       [86.40287901, 28.30558171],
       [86.        , 29.        ],
       [86.40241541, 28.30586624],
       [86.4026699 , 28.30578024]]), array([[4282.],
       [2421.],
       [4382.],
       [5152.],
       [4708.],
       [5979.],
       [3665.],
       [4952.],
       [5769.],
       [6319.],
       [5830.],
       [5246.],
       [5322.],
       [4505.],
       [5091.],
       [6805.],
       [5714.],
       [6398.],
       [4824.],
       [5223.],
       [5383.],
       [4891.],
       [6215.],
       [6002.],
       [ 609.],
       [5089.],
       [ 360.],
       [5747.],
       [6211.],
       [5408.],
       [6028.],
       [5861.],
       [1942.],
       [6053.],
       [6420.],
       [4117.],
       [6037.],
       [6169.],
       [6141.],
       [4428.],
       [6251.],
       [6157.],
       [6168.],
       [6168.],
       [6168.],
       [6214.],
       [6169.],
       [4916.],
       [6215.],
       [6214.]])]","[array([[87.17719698, 28.89090904],
       [86.87331584, 27.79377958],
       [86.35124523, 28.02541297],
       [87.13745003, 28.86926624],
       [87.95517086, 28.40678517],
       [87.09417821, 28.84570417],
       [87.15257603, 28.86035039],
       [86.87331681, 27.79377997],
       [87.13324358, 28.88275135],
       [86.88210463, 27.77142356],
       [86.864977  , 27.81499638],
       [86.84484944, 27.79479185],
       [86.89378298, 27.81407251],
       [86.91165207, 27.82901432],
       [86.90071007, 27.80199155],
       [86.88678691, 27.82181875],
       [87.78641259, 28.96042298],
       [86.29720427, 28.62542064],
       [86.33707149, 28.54969873],
       [86.26874939, 28.54569675],
       [86.37169465, 28.60061203],
       [86.36414811, 28.49824066],
       [86.3426265 , 28.45475258],
       [86.35937084, 28.44528049],
       [86.32451033, 28.44695734],
       [86.4038565 , 28.46767005],
       [86.34677257, 28.40278715],
       [86.35611316, 28.36947147],
       [86.34384005, 28.36008787],
       [86.34752137, 28.34601969],
       [86.3323269 , 28.36585033],
       [86.31229329, 28.33901653],
       [86.29563746, 28.33351999],
       [86.32397478, 28.34640293],
       [86.32813375, 28.34508961],
       [86.32726404, 28.3398484 ],
       [86.28530705, 28.36431034],
       [86.2551732 , 28.34923523],
       [86.25194302, 28.37999445],
       [86.25311234, 28.31933413],
       [86.05541887, 28.34196052],
       [86.21627146, 28.34351623],
       [86.18437253, 28.3106436 ],
       [86.20072027, 28.27847434],
       [86.17031805, 28.34404498],
       [86.15389534, 28.29020669],
       [86.24083924, 28.21435549],
       [86.2855608 , 27.55508527],
       [88.        , 27.        ],
       [87.3732866 , 28.04705381]]), array([[5245.],
       [5542.],
       [4306.],
       [5586.],
       [4893.],
       [4970.],
       [5258.],
       [5542.],
       [5490.],
       [5270.],
       [5516.],
       [5358.],
       [5792.],
       [5422.],
       [5517.],
       [5755.],
       [4704.],
       [5331.],
       [5364.],
       [5122.],
       [5148.],
       [5426.],
       [5771.],
       [5583.],
       [5497.],
       [5031.],
       [5586.],
       [5946.],
       [6119.],
       [5878.],
       [5970.],
       [6104.],
       [5882.],
       [6484.],
       [6531.],
       [6367.],
       [5941.],
       [5997.],
       [5501.],
       [5674.],
       [4321.],
       [5809.],
       [5924.],
       [5665.],
       [5590.],
       [5428.],
       [5288.],
       [2623.],
       [1942.],
       [3895.]])]","[array([[86.53541611, 28.49251637],
       [87.9570151 , 27.51101766],
       [87.97602621, 28.73009524],
       [87.43509497, 27.57540055],
       [86.72851967, 28.95962077],
       [86.93520911, 28.95792848],
       [87.5911305 , 29.        ],
       [86.        , 29.        ],
       [88.        , 28.38951766],
       [86.        , 27.        ],
       [86.62676284, 29.        ],
       [86.79344527, 29.        ],
       [88.        , 29.        ],
       [88.        , 28.70100819],
       [88.        , 28.68939194],
       [88.        , 28.69388   ],
       [88.        , 28.70031357],
       [88.        , 28.70234295],
       [88.        , 28.70576708],
       [88.        , 28.70683012],
       [88.        , 28.7068013 ],
       [88.        , 28.70689532],
       [87.01986119, 28.76621391],
       [88.        , 28.70804175],
       [88.        , 28.70794397],
       [88.        , 28.70793347],
       [88.        , 28.70795805],
       [88.        , 28.7079906 ],
       [88.        , 28.70801723],
       [87.99805558, 28.75731576],
       [86.73687084, 28.9849364 ],
       [86.70472319, 28.9711522 ],
       [86.9093332 , 28.96343981],
       [86.71410776, 28.93717492],
       [87.99990249, 28.67057025],
       [86.95897267, 28.95286697],
       [86.74854535, 28.94390263],
       [86.75652587, 28.96272819],
       [86.93146157, 28.93194496],
       [86.77097264, 28.94413835],
       [86.67758945, 28.94561302],
       [87.97835213, 28.69818197],
       [87.95860264, 28.70629578],
       [87.97062637, 28.68087765],
       [86.75552887, 28.92122657],
       [86.78919182, 28.92058257],
       [86.94208975, 28.98219617],
       [86.78020071, 28.96653061],
       [87.94536256, 28.73615679],
       [86.72676354, 28.90512373]]), array([[4452.],
       [4218.],
       [5250.],
       [2414.],
       [5339.],
       [5331.],
       [4703.],
       [4916.],
       [5011.],
       [ 360.],
       [5032.],
       [4924.],
       [5089.],
       [5504.],
       [5354.],
       [5314.],
       [5526.],
       [5452.],
       [5323.],
       [5285.],
       [5285.],
       [5285.],
       [4800.],
       [5258.],
       [5258.],
       [5258.],
       [5258.],
       [5258.],
       [5258.],
       [5064.],
       [5129.],
       [5125.],
       [4794.],
       [5147.],
       [4925.],
       [4945.],
       [5456.],
       [5412.],
       [4937.],
       [5327.],
       [5060.],
       [5518.],
       [5227.],
       [4764.],
       [5204.],
       [5059.],
       [4850.],
       [5028.],
       [5611.],
       [5189.]])]","[array([[86.58110282, 27.83596082],
       [86.26714072, 27.75805146],
       [87.40863059, 28.36550464],
       [87.34798913, 27.99762059],
       [87.86093832, 28.67860327],
       [86.0389755 , 27.43192387],
       [86.76981037, 27.96417377],
       [86.78703113, 27.71369927],
       [87.14658455, 28.75206503],
       [87.06420152, 27.24482556],
       [86.67511182, 29.        ],
       [86.76589473, 28.57344561],
       [86.08834163, 29.        ],
       [86.25777895, 28.74821145],
       [86.30710301, 29.        ],
       [86.        , 28.81690781],
       [86.77259961, 27.80644083],
       [86.        , 29.        ],
       [86.85367464, 28.1692308 ],
       [86.84823234, 28.12065841],
       [86.85480612, 28.1306133 ],
       [86.82076033, 28.04210109],
       [86.82377561, 28.03100214],
       [86.82697318, 28.02263663],
       [86.84049567, 28.01522901],
       [86.85312299, 28.00618854],
       [86.8344716 , 28.0249299 ],
       [86.83627244, 28.02052386],
       [86.84013319, 28.01571498],
       [86.84799089, 28.01018787],
       [86.83894128, 28.01844747],
       [86.84463652, 28.01534378],
       [86.84473028, 28.01295219],
       [86.84299017, 28.01254011],
       [86.84188887, 28.01168817],
       [86.84099361, 28.01082566],
       [86.84029064, 28.00992778],
       [86.83870757, 28.04742846],
       [86.8254579 , 28.01099101],
       [86.8145694 , 28.01351167],
       [86.84973091, 28.19386614],
       [86.83285475, 28.18348536],
       [86.86787414, 28.18948317],
       [86.84399299, 27.98354495],
       [86.83319366, 27.9998362 ],
       [86.83280371, 28.00583452],
       [86.83239937, 28.00681577],
       [86.85598596, 28.21171058],
       [86.83438296, 28.02170563],
       [86.83395548, 28.02047049]]), array([[5171.],
       [2168.],
       [5105.],
       [4195.],
       [4340.],
       [ 811.],
       [5202.],
       [5557.],
       [5118.],
       [2169.],
       [5028.],
       [5042.],
       [5542.],
       [5228.],
       [4808.],
       [5097.],
       [5056.],
       [4916.],
       [5610.],
       [5655.],
       [5206.],
       [5736.],
       [5760.],
       [6247.],
       [6167.],
       [5293.],
       [5918.],
       [6049.],
       [6246.],
       [5424.],
       [6297.],
       [5829.],
       [5715.],
       [5742.],
       [5749.],
       [5759.],
       [5776.],
       [5553.],
       [6576.],
       [5912.],
       [5875.],
       [4991.],
       [5581.],
       [5181.],
       [5351.],
       [5623.],
       [5690.],
       [5860.],
       [6028.],
       [6103.]])]","[array([[86.47824823, 28.50617457],
       [86.24084005, 28.14049482],
       [87.11752743, 27.5351938 ],
       [86.65275143, 27.86650761],
       [87.89479311, 27.56091081],
       [86.22393516, 27.82239208],
       [86.22273385, 28.13137253],
       [86.29829323, 28.18849088],
       [86.34193328, 28.11639588],
       [86.61124089, 28.19313898],
       [86.88219593, 28.2285042 ],
       [86.        , 28.50412847],
       [88.        , 29.        ],
       [87.48483311, 29.        ],
       [87.75032485, 28.60376707],
       [87.22458844, 28.62282886],
       [86.        , 29.        ],
       [86.89996543, 29.        ],
       [86.70828149, 28.11413899],
       [86.76369616, 28.07273737],
       [86.7389726 , 28.073889  ],
       [86.75528841, 28.09849517],
       [86.77085948, 28.11679669],
       [86.75948143, 28.0925842 ],
       [86.75576657, 28.09215835],
       [86.7570621 , 28.08992141],
       [86.75463469, 28.09035491],
       [86.75529876, 28.08894235],
       [86.77015737, 28.05028888],
       [86.74871333, 28.10694509],
       [86.        , 27.        ],
       [86.73524607, 28.10642464],
       [86.72877202, 28.11031579],
       [86.73057325, 28.10891341],
       [86.73009624, 28.10889884],
       [86.72971812, 28.10895965],
       [88.        , 27.        ],
       [86.73012626, 28.10812706],
       [86.68973349, 28.13173433],
       [88.        , 28.21114334],
       [86.7253444 , 28.11035261],
       [86.68095863, 28.10956592],
       [86.69020563, 28.09608886],
       [86.66832195, 28.09898091],
       [86.66262748, 28.11173672],
       [86.67138063, 28.08762656],
       [86.65163377, 28.09117776],
       [86.66484133, 28.09667722],
       [86.73857412, 28.09527221],
       [86.80427692, 28.07495374]]), array([[4583.],
       [5100.],
       [1888.],
       [4582.],
       [3158.],
       [1454.],
       [4801.],
       [5301.],
       [5049.],
       [5663.],
       [5250.],
       [5178.],
       [5089.],
       [5041.],
       [5002.],
       [4599.],
       [4916.],
       [4968.],
       [6616.],
       [6700.],
       [6179.],
       [7571.],
       [6297.],
       [6414.],
       [6638.],
       [6401.],
       [6594.],
       [6472.],
       [5863.],
       [6842.],
       [ 360.],
       [7046.],
       [6464.],
       [6605.],
       [6608.],
       [6586.],
       [1942.],
       [6676.],
       [6655.],
       [4369.],
       [6514.],
       [7418.],
       [7011.],
       [7735.],
       [6399.],
       [6931.],
       [7150.],
       [7845.],
       [7269.],
       [6556.]])]","[array([[87.09211568, 28.09412894],
       [87.05709952, 28.60593677],
       [86.11260256, 27.89104126],
       [87.0919723 , 28.30135896],
       [87.53401013, 27.07779954],
       [87.51063026, 28.25469726],
       [88.        , 28.68855343],
       [88.        , 28.25042986],
       [88.        , 29.        ],
       [87.33698344, 28.24393343],
       [87.7288154 , 28.63314989],
       [88.        , 29.        ],
       [87.65276346, 28.21165918],
       [86.84980217, 28.19749435],
       [86.85636435, 27.87163833],
       [86.        , 29.        ],
       [87.62218157, 27.98989984],
       [86.        , 27.        ],
       [86.49671958, 29.        ],
       [86.41804239, 28.55900517],
       [87.63484454, 28.3166722 ],
       [86.        , 28.58518135],
       [86.79892   , 28.41162446],
       [86.95245442, 28.14681474],
       [87.42157977, 29.        ],
       [86.9344836 , 29.        ],
       [86.76898269, 27.39094864],
       [86.89539473, 28.06210774],
       [86.69035623, 28.0417429 ],
       [88.        , 27.73965035],
       [88.        , 27.42571376],
       [87.71938467, 29.        ],
       [86.24129581, 28.81338803],
       [86.93722442, 28.02875121],
       [86.977242  , 27.98407745],
       [86.91123   , 28.08514848],
       [86.90773215, 28.08430881],
       [86.90490804, 28.08400938],
       [86.90258213, 28.08424134],
       [86.89963607, 28.08603337],
       [86.90005021, 28.08730691],
       [86.90170472, 28.08793466],
       [86.90348982, 28.08793356],
       [86.90502664, 28.08758937],
       [86.90643633, 28.08718804],
       [86.9074277 , 28.08669551],
       [86.90792212, 28.08623319],
       [86.90847587, 28.08582588],
       [86.90919813, 28.08543832],
       [86.91029295, 28.0850014 ]]), array([[5415.],
       [4327.],
       [2992.],
       [5358.],
       [ 488.],
       [5626.],
       [5337.],
       [4697.],
       [5089.],
       [4271.],
       [4529.],
       [5089.],
       [5912.],
       [5743.],
       [5211.],
       [4916.],
       [4954.],
       [ 360.],
       [4991.],
       [4922.],
       [5431.],
       [4783.],
       [4837.],
       [5981.],
       [5009.],
       [5106.],
       [2009.],
       [6192.],
       [5250.],
       [5236.],
       [4039.],
       [4737.],
       [4753.],
       [6510.],
       [5454.],
       [5878.],
       [5891.],
       [5917.],
       [6140.],
       [5976.],
       [5957.],
       [5933.],
       [5899.],
       [5903.],
       [5855.],
       [5803.],
       [5806.],
       [5828.],
       [5909.],
       [5912.]])]","[array([[87.94892105, 28.96963786],
       [86.69505428, 28.84544313],
       [87.3998083 , 27.62333647],
       [86.7363738 , 28.7350761 ],
       [86.3734993 , 28.90964463],
       [87.09514175, 29.        ],
       [87.26742024, 29.        ],
       [87.39167997, 29.        ],
       [86.        , 27.        ],
       [87.31446032, 29.        ],
       [87.20333876, 29.        ],
       [87.20274426, 29.        ],
       [87.20282075, 29.        ],
       [87.20348652, 29.        ],
       [87.20498065, 29.        ],
       [87.1550903 , 28.99999343],
       [87.47227753, 29.        ],
       [87.16839068, 28.9228787 ],
       [87.27048904, 28.90152728],
       [87.39388142, 28.89656993],
       [87.14442785, 29.        ],
       [87.14699483, 29.        ],
       [87.1434947 , 29.        ],
       [87.14849821, 29.        ],
       [87.01657878, 28.99608481],
       [87.21439395, 28.82486625],
       [87.06757118, 28.88225818],
       [87.03587718, 28.77753262],
       [87.33749325, 28.80604584],
       [87.18229661, 29.        ],
       [87.18404312, 29.        ],
       [87.18563551, 29.        ],
       [87.18670481, 29.        ],
       [87.18739172, 29.        ],
       [87.18783287, 29.        ],
       [87.18818243, 29.        ],
       [87.1884387 , 29.        ],
       [87.26276532, 28.95323244],
       [87.23216205, 28.93928902],
       [87.30158075, 28.93508077],
       [87.11349961, 28.92067932],
       [87.13513769, 28.86632259],
       [87.1002081 , 28.82620093],
       [87.18132953, 28.87941919],
       [87.40817107, 28.95489852],
       [86.9952288 , 28.8630664 ],
       [86.94890444, 28.78470008],
       [86.96968248, 28.7194395 ],
       [86.91412435, 28.83645579],
       [86.88265042, 28.79132768]]), array([[4564.],
       [4679.],
       [2208.],
       [4533.],
       [4420.],
       [5173.],
       [5560.],
       [5442.],
       [ 360.],
       [4935.],
       [5314.],
       [5326.],
       [5326.],
       [5308.],
       [5282.],
       [5580.],
       [4837.],
       [5421.],
       [5450.],
       [5182.],
       [5321.],
       [5392.],
       [5287.],
       [5440.],
       [4920.],
       [4958.],
       [5303.],
       [5141.],
       [5071.],
       [5219.],
       [5209.],
       [5232.],
       [5254.],
       [5271.],
       [5276.],
       [5284.],
       [5285.],
       [5692.],
       [5392.],
       [5110.],
       [5305.],
       [5493.],
       [4984.],
       [5425.],
       [5344.],
       [5159.],
       [5286.],
       [4636.],
       [5397.],
       [4966.]])]","[array([[87.26937435, 28.10455963],
       [86.13576465, 27.93879876],
       [86.79979532, 28.39820785],
       [87.67950921, 28.09700081],
       [87.88010877, 28.13706464],
       [87.88010912, 28.13706482],
       [87.10262361, 28.19227759],
       [87.88523089, 28.12669914],
       [86.03807503, 28.29373506],
       [87.87636757, 28.1446461 ],
       [87.91085407, 28.14078878],
       [87.8787874 , 28.13329871],
       [86.79123178, 28.41080315],
       [87.87496866, 28.13192079],
       [86.81211855, 28.38008304],
       [86.79832452, 28.37488735],
       [86.80182944, 28.36668631],
       [86.79136164, 28.3671623 ],
       [86.81287562, 28.36264541],
       [87.86420461, 28.12437461],
       [87.85416045, 28.12686311],
       [87.84889653, 28.11979488],
       [87.84166021, 28.12569549],
       [87.85376231, 28.1172084 ],
       [87.84351716, 28.11273943],
       [87.97570885, 27.23384699],
       [86.56673854, 28.82322422],
       [86.59313693, 28.82247358],
       [86.57321345, 28.79761471],
       [86.54994473, 28.79892443],
       [86.56902712, 28.77209048],
       [86.598291  , 28.78802348],
       [86.74529763, 28.14707088],
       [86.32815307, 28.9648433 ],
       [86.76347523, 27.92475817],
       [86.58565724, 28.04104466],
       [86.86641475, 28.07329116],
       [86.81778769, 27.65700917],
       [87.84769106, 27.89155532],
       [86.        , 27.        ],
       [87.57154842, 29.        ],
       [87.11903763, 29.        ],
       [88.        , 29.        ],
       [87.31135264, 28.70244304],
       [86.84603545, 29.        ],
       [87.16527827, 27.        ],
       [88.        , 27.90273584],
       [88.        , 27.90324081],
       [87.96252361, 27.90646218],
       [88.        , 27.88779   ]]), array([[4942.],
       [4711.],
       [5042.],
       [4872.],
       [5259.],
       [5259.],
       [5030.],
       [4996.],
       [4204.],
       [4941.],
       [4737.],
       [5396.],
       [4895.],
       [5437.],
       [5195.],
       [5395.],
       [5389.],
       [5190.],
       [5205.],
       [5444.],
       [5578.],
       [5636.],
       [5263.],
       [5457.],
       [5401.],
       [2230.],
       [5558.],
       [5444.],
       [5683.],
       [5528.],
       [5457.],
       [5384.],
       [5756.],
       [4792.],
       [5627.],
       [5132.],
       [5406.],
       [3792.],
       [5658.],
       [ 360.],
       [5112.],
       [5591.],
       [5089.],
       [5335.],
       [4993.],
       [ 578.],
       [5712.],
       [5699.],
       [6354.],
       [5791.]])]","[array([[86.80153172, 27.33611262],
       [87.18360947, 27.38663847],
       [86.81253278, 28.94258966],
       [87.9852307 , 28.35966372],
       [86.6575318 , 27.12834391],
       [87.7677451 , 29.        ],
       [88.        , 28.70037232],
       [88.        , 28.70869724],
       [86.        , 29.        ],
       [88.        , 28.70373031],
       [86.1943252 , 28.34767505],
       [86.        , 28.21382307],
       [87.99968942, 28.6220025 ],
       [87.9635983 , 28.67535402],
       [86.37159399, 28.71105972],
       [88.        , 29.        ],
       [88.        , 29.        ]]), array([[1473.],
       [ 622.],
       [4924.],
       [5053.],
       [ 469.],
       [4737.],
       [5526.],
       [5227.],
       [4916.],
       [5401.],
       [5787.],
       [3870.],
       [4429.],
       [4706.],
       [4379.],
       [5089.],
       [5089.]])]","[array([[86.27187187, 27.94052093],
       [86.50806653, 27.06913505],
       [86.99686867, 27.47965825],
       [87.88427749, 27.76485925],
       [86.78837788, 28.90899658],
       [86.08261802, 28.83970273],
       [87.76024868, 28.89983802],
       [86.68129199, 28.56751526],
       [86.71170625, 29.        ],
       [87.04035991, 29.        ],
       [86.64017452, 29.        ],
       [86.85935593, 29.        ],
       [86.91986029, 28.79814248],
       [86.        , 28.39789911],
       [86.87424358, 28.95862016],
       [86.8917397 , 29.        ],
       [88.        , 28.30651829],
       [86.879195  , 28.97990572],
       [86.87633127, 28.9553956 ],
       [86.88807423, 28.94225377],
       [86.88594587, 28.91010954],
       [86.84324927, 29.        ],
       [86.8436667 , 29.        ],
       [86.86972349, 28.93745267],
       [86.89404182, 28.91176604],
       [86.82148359, 29.        ],
       [86.91066073, 28.87791233],
       [86.90717931, 28.88309216],
       [86.91509599, 28.87897289],
       [86.91019955, 28.88464549],
       [86.90683389, 28.88912514],
       [86.88283318, 28.91031366],
       [86.85136761, 28.9467811 ],
       [86.79660441, 28.99625946],
       [86.86298534, 28.92027932],
       [86.86640369, 28.91721729],
       [86.81453402, 28.78999534],
       [86.99269327, 28.69729831],
       [87.17189309, 29.        ],
       [87.13611408, 28.90074477],
       [87.21946403, 28.89944442],
       [87.14036952, 29.        ],
       [87.14068703, 29.        ],
       [87.13996845, 29.        ],
       [87.13980166, 29.        ],
       [87.17662442, 28.93403716],
       [87.17706253, 28.85719736],
       [87.25796829, 28.94778754],
       [87.09721734, 28.9431768 ],
       [87.07214922, 28.88776889]]), array([[4234.],
       [ 965.],
       [2331.],
       [4502.],
       [5386.],
       [4944.],
       [4581.],
       [4766.],
       [5079.],
       [5058.],
       [5021.],
       [5217.],
       [5159.],
       [4658.],
       [5444.],
       [5179.],
       [5018.],
       [5115.],
       [5417.],
       [5293.],
       [4867.],
       [4872.],
       [4887.],
       [5370.],
       [4937.],
       [4791.],
       [5120.],
       [5147.],
       [5115.],
       [5113.],
       [5026.],
       [4860.],
       [5617.],
       [4919.],
       [5161.],
       [5075.],
       [4587.],
       [4381.],
       [5171.],
       [5398.],
       [5380.],
       [5243.],
       [5240.],
       [5244.],
       [5247.],
       [5223.],
       [5066.],
       [5436.],
       [5438.],
       [5347.]])]"
